Workbook

Sheet Z0000002-238846 BOM trien k hai
A1: Z0000002-238846_ 18_19. CV input Tray BOM | G1: SL ( set ) | H1: 6 | I1: [4pcs/cụm* 6=24 pcs]
A2: Image | B2: ID Number | C2: Quantity | D2: Standard Number | E2: Sub Category | F2: NCC | G2: Visible Part Size | H2: SL | I2: giao 50% ngày 5/4 | J2: giao 50% còn lại ngày 15/4 | O2: Material
B3: V01 | C3: 2 | D3: 18.1_Mnf_AL6061_1_MIR3 | E3: AL6061, anode màu đen | F3: GTAM | G3: 90.0 X 125.0 X 10.0 | H3: =C3*$H$1 -> 12 | I3: đã đặt phôi, có thể làm xong trc 5/4
B4: V02 | C4: 2 | D4: 18.2_Mnf_AL6061_1_MIR3 | E4: =E3 -> AL6061, anode màu đen | F4: =F3 -> GTAM | G4: 50.0 X 95.0 X 10.0 | H4: =C4*$H$1 -> 12 | I4: =I3 -> đã đặt phôi, có thể làm xong trc 5/4
B5: V03 | C5: 1 | D5: 18.3_Mnf_AL6061_1_MIR3 | E5: =E4 -> AL6061, anode màu đen | F5: =F4 -> GTAM | G5: 50.0 X 10.0 X 243.0 | H5: =C5*$H$1 -> 6 | I5: =I4 -> đã đặt phôi, có thể làm xong trc 5/4
B6: V04 | C6: 2 | D6: 19.1_Mnf_Al6061_1 | E6: =E5 -> AL6061, anode màu đen | F6: =F5 -> GTAM | G6: 50.0 X 10.0 X 230.0 | H6: =C6*$H$1 -> 12 | I6: =I5 -> đã đặt phôi, có thể làm xong trc 5/4
B7: V05 | C7: 2 | D7: 18.12_Mnf_SUS304_1_MIR1 | E7: SUS304 điện hóa/ S45C mạ Nikel, có lăn nhám | F7: TAT | G7: 20.0 X 34.0 X 34.0 | H7: =C7*$H$1 -> 12 | I7: Ng đã đặt NCC mới cho đủ 84CV
B8: V06 | C8: 4 | D8: 18.13_688AZZ_NSK_1_MIR1 | E8: vòng bi 688AZZ | F8: VB | G8: 5.0 X 16.0 X 16.0 | H8: =C8*$H$1 -> 24 | I8: đã đặt hàng CN
B9: V07 | C9: 1 | D9: SPG S6I06GX-V12_MIR3 | E9: động cơ S6I06GX-V12/ bộ điều khiển tốc độ đi kèm | F9: SPG | G9: 88.0 X 60.0 X 62.0 | H9: =C9*$H$1 -> 6 | I9: đã báo đặt hàng
B10: V08 | C10: 1 | D10: Hộp số SPG S6KA30B_MIR3 | E10: kiu | F10: =F9 -> SPG | G10: 73.0 X 60.0 X 60.0 | H10: =C10*$H$1 -> 6 | I10: =I9 -> đã báo đặt hàng
B11: V09 | C11: 2 | D11: 6.6_HTPA25S3M150-A-N8_1_MIR3 | E11: HTPA25S3M150-A-N8 | F11: UP | G11: 21.0 X 28.0 X 28.0 | H11: =C11*$H$1 -> 12 | I11: đã nhận hàng 30/3
B12: V10 | C12: 2 | D12: 6.7_KES3-12_1_MIR3 | E12: chốt cài KES3-12 | F12: Then cài | G12: 12.0 X 3.0 X 3.0 | H12: =C12*$H$1 -> 12 | I12: đã tồn kho sẵn
B13: V11 | C13: 1 | D13: 21.11_Mnf_SUS304_1_MIR3 | E13: SUS304 có điện hóa | F13: CG | G13: 90.0 X 111.0 X 28.0 | H13: =C13*$H$1 -> 6 | I13: đã chốt làm MAH toàn bộ, có hàng trc 4/4
B14: V12 | C14: 1 | D14: 21.13_HTBN225S3M-150_info-1-25-25_MIR3 | E14: HTBN225S3M-150 --> đổi sang C-HTBN225S3M-150 | F14: MI | G14: 100.0 X 25.0 X 15.0 | H14: =C14*$H$1 -> 6 | I14: 31/3 và 3/4 nhận đủ hàng
B15: V13 | C15: 1 | D15: 21.12_Mnf_PC ESD trong_1_MIR3 | E15: Mica trong | F15: GTAM | G15: 6.0 X 109.0 X 86.0 | H15: =C15*$H$1 -> 6 | I15: =I5 -> đã đặt phôi, có thể làm xong trc 5/4
B16: V14 | C16: 1 | D16: 21.15_Mnf_Al6061_1_MIR3 | E16: =E3 -> AL6061, anode màu đen | F16: =F15 -> GTAM | G16: 90.0 X 73.0 X 10.0 | H16: =C16*$H$1 -> 6 | I16: =I15 -> đã đặt phôi, có thể làm xong trc 5/4
B17: V15 | C17: 1 | D17: 20.1_Mnf_Al6061_1_MIR3 | E17: =E16 -> AL6061, anode màu đen | F17: =F16 -> GTAM | G17: 10.0 X 94.0 X 58.0 | H17: =C17*$H$1 -> 6 | I17: =I16 -> đã đặt phôi, có thể làm xong trc 5/4
B18: V16 | C18: 1 | D18: 20.2_Mnf_Al6061_1_MIR3 | E18: =E17 -> AL6061, anode màu đen | F18: =F17 -> GTAM | G18: 8.0 X 69.0 X 95.0 | H18: =C18*$H$1 -> 6 | I18: =I17 -> đã đặt phôi, có thể làm xong trc 5/4
B19: V17 | C19: 1 | D19: 20.4_Mnf_SUS304_1_MIR3 | E19: =E13 -> SUS304 có điện hóa | F19: CG | G19: 62.0 X 61.0 X 79.0 | H19: =C19*$H$1 -> 6 | I19: =I13 -> đã chốt làm MAH toàn bộ, có hàng trc 4/4
B20: V18 | C20: 1 | D20: 20.3_Mnf_Al6061_1_MIR3 | E20: =E18 -> AL6061, anode màu đen | F20: GTAM | G20: 10.0 X 58.0 X 115.0 | H20: =C20*$H$1 -> 6 | I20: =I18 -> đã đặt phôi, có thể làm xong trc 5/4
B21: V19 | C21: 1 | D21: 20.5_Mnf_SUS304_1_MIR3 | E21: =E19 -> SUS304 có điện hóa | F21: =F19 -> CG | G21: 41.0 X 31.0 X 94.0 | H21: =C21*$H$1 -> 6 | I21: =I13 -> đã chốt làm MAH toàn bộ, có hàng trc 4/4
B22: V20 | C22: 1 | D22: 18.091024_AL6061_01_MIR1 | E22: =E20 -> AL6061, anode màu đen | F22: =F20 -> GTAM | G22: 10.0 X 30.0 X 26.0 | H22: =C22*$H$1 -> 6 | I22: =I20 -> đã đặt phôi, có thể làm xong trc 5/4
B23: V21 | C23: 1 | D23: 18.10_Mnf_SUS304_1_MIR1 | E23: SUS304 điện hóa/ S45C mạ Nikel | F23: =F7 -> TAT | G23: 12.0 X 273.0 X 12.0 | H23: =C23*$H$1 -> 6 | I23: =I7 -> Ng đã đặt NCC mới cho đủ 84CV
B24: V22 | C24: 2 | D24: 18.11_Mnf_SUS304_1_MIR1 | E24: =E23 -> SUS304 điện hóa/ S45C mạ Nikel | F24: =F23 -> TAT | G24: 20.0 X 34.0 X 34.0 | H24: =C24*$H$1 -> 12 | I24: =I23 -> Ng đã đặt NCC mới cho đủ 84CV
B25: V23 | C25: 1 | D25: 18.4_Mnf_Al6061_1_MIR2 | E25: =E16 -> AL6061, anode màu đen | F25: =F17 -> GTAM | G25: 335.0 X 10.0 X 39.0 | H25: =C25*$H$1 -> 6 | I25: =I22 -> đã đặt phôi, có thể làm xong trc 5/4
B26: V24 | C26: 1 | D26: 18.5_Mnf_Al6061_1_MIR1 | E26: =E17 -> AL6061, anode màu đen | F26: =F25 -> GTAM | G26: 10.0 X 30.0 X 30.0 | H26: =C26*$H$1 -> 6 | I26: =I25 -> đã đặt phôi, có thể làm xong trc 5/4
B27: V25 | C27: 1 | D27: 18.6_Mnf_SUS304_1_MIR2 | E27: =E21 -> SUS304 có điện hóa | F27: =F19 -> CG | G27: 335.0 X 25.0 X 32.0 | H27: =C27*$H$1 -> 6 | I27: =I19 -> đã chốt làm MAH toàn bộ, có hàng trc 4/4
B28: V26 | C28: 2 | D28: 18.7_Mnf_SUS304_1_MIR1 | E28: =E27 -> SUS304 có điện hóa | F28: =F27 -> CG | G28: 256.0 X 57.0 X 18.0 | H28: =C28*$H$1 -> 12 | I28: =I27 -> đã chốt làm MAH toàn bộ, có hàng trc 4/4
B29: V27 | C29: 2 | D29: 18.8_Belt PU chống tĩnh điện_MIR1 | E29: belt PU chống tĩnh điện, màu đen, dày 1.5mm, bản rộng 20mm, chu vi 680mm ( đo mép trong 686mm) | F29: Yongli | G29: 329.0 X 20.0 X 33.0 | H29: =C29*$H$1 -> 12 | I29: đã nhận hàng
B30: V28 | C30: 1 | D30: 18.9_Mnf_SUS304_1_MIR1 | E30: SUS304 điện hóa/ S45C mạ Nikel | F30: =F24 -> TAT | G30: 260.0 X 10.0 X 10.0 | H30: =C30*$H$1 -> 6 | I30: =I24 -> Ng đã đặt NCC mới cho đủ 84CV
B31: V29 | C31: 2 | D31: 18.STWN8_MIR1 | E31: Phanh trục STWN8 | F31: PT- Phanh trục | G31: 1.0 X 13.0 X 10.0 | H31: =C31*$H$1 -> 12 | I31: tồn kho sẵn
B32: V30 | C32: 2 | D32: 21.2_Mnf_Al6061_1_MIR3 | E32: =E3 -> AL6061, anode màu đen | F32: =F3 -> GTAM | G32: 10.0 X 30.0 X 10.0 | H32: =C32*$H$1 -> 12 | I32: =I26 -> đã đặt phôi, có thể làm xong trc 5/4
B33: V31 | C33: 2 | D33: 21.8_B6000ZZ_1_MIR3 | E33: B6000ZZ | F33: VB | G33: 8.0 X 26.0 X 26.0 | H33: =C33*$H$1 -> 12 | I33: =I8 -> đã đặt hàng CN
B34: V32 | C34: 1 | D34: 18.6_Mnf_SUS304_1_MIR_MIR1 | E34: =E27 -> SUS304 có điện hóa | F34: =F27 -> CG | G34: 335.0 X 25.0 X 32.0 | H34: =C34*$H$1 -> 6 | I34: =I28 -> đã chốt làm MAH toàn bộ, có hàng trc 4/4
B35: V33 | C35: 1 | D35: 18.4_Mnf_Al6061_1_MIR_MIR1 | E35: =E25 -> AL6061, anode màu đen | F35: =F25 -> GTAM | G35: 335.0 X 10.0 X 39.0 | H35: =C35*$H$1 -> 6 | I35: =I32 -> đã đặt phôi, có thể làm xong trc 5/4
B36: V34 | C36: 4 | D36: 18.1_Mnf_AL6061_1 | E36: =E3 -> AL6061, anode màu đen | F36: =F3 -> GTAM | G36: 90.0 X 125.0 X 10.0 | H36: =C36*$H$1 -> 24 | I36: =I35 -> đã đặt phôi, có thể làm xong trc 5/4
B37: V35 | C37: 4 | D37: 18.2_Mnf_AL6061_1 | E37: =E4 -> AL6061, anode màu đen | F37: =F4 -> GTAM | G37: 50.0 X 95.0 X 10.0 | H37: =C37*$H$1 -> 24 | I37: =I36 -> đã đặt phôi, có thể làm xong trc 5/4
B38: V36 | C38: 2 | D38: 18.3_Mnf_AL6061_1 | E38: =E5 -> AL6061, anode màu đen | F38: =F5 -> GTAM | G38: 50.0 X 10.0 X 243.0 | H38: =C38*$H$1 -> 12 | I38: =I37 -> đã đặt phôi, có thể làm xong trc 5/4
B39: V37 | C39: 4 | D39: 18.12_Mnf_SUS304_1 | E39: =E7 -> SUS304 điện hóa/ S45C mạ Nikel, có lăn nhám | F39: =F24 -> TAT | G39: 20.0 X 34.0 X 34.0 | H39: =C39*$H$1 -> 24 | I39: =I30 -> Ng đã đặt NCC mới cho đủ 84CV
B40: V38 | C40: 8 | D40: 18.13_688AZZ_NSK_1 | E40: =E8 -> vòng bi 688AZZ | F40: =F8 -> VB | G40: 5.0 X 16.0 X 16.0 | H40: =C40*$H$1 -> 48 | I40: =I33 -> đã đặt hàng CN
B41: V39 | C41: 2 | D41: 21.11_Mnf_SUS304_1 | E41: =E13 -> SUS304 có điện hóa | F41: =F13 -> CG | G41: 90.0 X 111.0 X 28.0 | H41: =C41*$H$1 -> 12 | I41: =I34 -> đã chốt làm MAH toàn bộ, có hàng trc 4/4
B42: V40 | C42: 2 | D42: 21.12_Mnf_PC ESD trong_1 | E42: =E15 -> Mica trong | F42: =F15 -> GTAM | G42: 6.0 X 109.0 X 86.0 | H42: =C42*$H$1 -> 12 | I42: =I38 -> đã đặt phôi, có thể làm xong trc 5/4
B43: V41 | C43: 4 | D43: 6.6_HTPA25S3M150-A-N8_1 | E43: HTPA25S3M150-A-N8 | F43: =F11 -> UP | G43: 21.0 X 28.0 X 28.0 | H43: =C43*$H$1 -> 24 | I43: =I11 -> đã nhận hàng 30/3
B44: V42 | C44: 4 | D44: 6.7_KES3-12_1 | E44: =E12 -> chốt cài KES3-12 | F44: =F12 -> Then cài | G44: 12.0 X 3.0 X 3.0 | H44: =C44*$H$1 -> 24 | I44: =I12 -> đã tồn kho sẵn
B45: V43 | C45: 2 | D45: HI_HTBN225S3M-150_info-1-25-25 | E45: =E14 -> HTBN225S3M-150 --> đổi sang C-HTBN225S3M-150 | F45: =F14 -> MI | G45: 100.0 X 25.0 X 15.0 | H45: =C45*$H$1 -> 12 | I45: =I14 -> 31/3 và 3/4 nhận đủ hàng
B46: V44 | C46: 2 | D46: SPG S6I06GX-V12 | E46: =E9 -> động cơ S6I06GX-V12/ bộ điều khiển tốc độ đi kèm | F46: =F9 -> SPG | G46: 88.0 X 60.0 X 62.0 | H46: =C46*$H$1 -> 12 | I46: =I10 -> đã báo đặt hàng
B47: V45 | C47: 2 | D47: SPG S6DA30B | E47: =E10 -> kiu | F47: =F10 -> SPG | G47: 73.0 X 60.0 X 60.0 | H47: =C47*$H$1 -> 12 | I47: =I46 -> đã báo đặt hàng
B48: V46 | C48: 2 | D48: 21.15_Mnf_Al6061_1 | E48: =E16 -> AL6061, anode màu đen | F48: =F16 -> GTAM | G48: 90.0 X 73.0 X 10.0 | H48: =C48*$H$1 -> 12 | I48: =I38 -> đã đặt phôi, có thể làm xong trc 5/4
B49: V47 | C49: 2 | D49: 20.1_Mnf_Al6061_1 | E49: =E17 -> AL6061, anode màu đen | F49: =F17 -> GTAM | G49: 10.0 X 94.0 X 58.0 | H49: =C49*$H$1 -> 12 | I49: =I48 -> đã đặt phôi, có thể làm xong trc 5/4
B50: V48 | C50: 2 | D50: 20.2_Mnf_Al6061_1 | E50: =E18 -> AL6061, anode màu đen | F50: =F18 -> GTAM | G50: 8.0 X 69.0 X 95.0 | H50: =C50*$H$1 -> 12 | I50: =I49 -> đã đặt phôi, có thể làm xong trc 5/4
B51: V49 | C51: 2 | D51: 20.4_Mnf_SUS304_1 | E51: =E19 -> SUS304 có điện hóa | F51: =F19 -> CG | G51: 62.0 X 61.0 X 79.0 | H51: =C51*$H$1 -> 12 | I51: =I41 -> đã chốt làm MAH toàn bộ, có hàng trc 4/4
B52: V50 | C52: 2 | D52: 20.3_Mnf_Al6061_1 | E52: =E20 -> AL6061, anode màu đen | F52: =F20 -> GTAM | G52: 10.0 X 58.0 X 115.0 | H52: =C52*$H$1 -> 12 | I52: =I42 -> đã đặt phôi, có thể làm xong trc 5/4
B53: V51 | C53: 2 | D53: 20.5_Mnf_SUS304_1 | E53: =E21 -> SUS304 có điện hóa | F53: =F21 -> CG | G53: 41.0 X 31.0 X 94.0 | H53: =C53*$H$1 -> 12 | I53: =I51 -> đã chốt làm MAH toàn bộ, có hàng trc 4/4
B54: V52 | C54: 2 | D54: 18.10_Mnf_SUS304_1 | E54: =E23 -> SUS304 điện hóa/ S45C mạ Nikel | F54: =F23 -> TAT | G54: 12.0 X 273.0 X 12.0 | H54: =C54*$H$1 -> 12 | I54: =I39 -> Ng đã đặt NCC mới cho đủ 84CV
B55: V53 | C55: 4 | D55: 18.11_Mnf_SUS304_1 | E55: =E54 -> SUS304 điện hóa/ S45C mạ Nikel | F55: =F39 -> TAT | G55: 20.0 X 34.0 X 34.0 | H55: =C55*$H$1 -> 24 | I55: =I54 -> Ng đã đặt NCC mới cho đủ 84CV
B56: V54 | C56: 2 | D56: 18.4_Mnf_Al6061_1 | E56: =E35 -> AL6061, anode màu đen | F56: =F35 -> GTAM | G56: 335.0 X 10.0 X 39.0 | H56: =C56*$H$1 -> 12 | I56: =I52 -> đã đặt phôi, có thể làm xong trc 5/4
B57: V55 | C57: 3 | D57: 18.5_Mnf_Al6061_1 | E57: =E26 -> AL6061, anode màu đen | F57: =F26 -> GTAM | G57: 10.0 X 30.0 X 30.0 | H57: =C57*$H$1 -> 18 | I57: =I56 -> đã đặt phôi, có thể làm xong trc 5/4
B58: V56 | C58: 2 | D58: 18.6_Mnf_SUS304_1 | E58: =E34 -> SUS304 có điện hóa | F58: =F34 -> CG | G58: 335.0 X 25.0 X 32.0 | H58: =C58*$H$1 -> 12 | I58: =I53 -> đã chốt làm MAH toàn bộ, có hàng trc 4/4
B59: V57 | C59: 4 | D59: 18.7_Mnf_SUS304_1 | E59: =E28 -> SUS304 có điện hóa | F59: =F28 -> CG | G59: 256.0 X 57.0 X 18.0 | H59: =C59*$H$1 -> 24 | I59: =I58 -> đã chốt làm MAH toàn bộ, có hàng trc 4/4
B60: V58 | C60: 4 | D60: 18.8_Belt PU chống tĩnh điện | E60: =E29 -> belt PU chống tĩnh điện, màu đen, dày 1.5mm, bản rộng 20mm, chu vi 680mm ( đo mép trong 686mm) | F60: =F29 -> Yongli | G60: 329.0 X 20.0 X 33.0 | H60: =C60*$H$1 -> 24 | I60: =I29 -> đã nhận hàng
B61: V59 | C61: 2 | D61: 18.9_Mnf_SUS304_1 | E61: =E30 -> SUS304 điện hóa/ S45C mạ Nikel | F61: =F30 -> TAT | G61: 260.0 X 10.0 X 10.0 | H61: =C61*$H$1 -> 12 | I61: =I55 -> Ng đã đặt NCC mới cho đủ 84CV
B62: V60 | C62: 4 | D62: STWN8 | E62: =E31 -> Phanh trục STWN8 | F62: =F31 -> PT- Phanh trục | G62: 1.0 X 13.0 X 10.0 | H62: =C62*$H$1 -> 24 | I62: =I31 -> tồn kho sẵn
B63: V61 | C63: 4 | D63: 21.2_Mnf_Al6061_1 | E63: =E32 -> AL6061, anode màu đen | F63: =F32 -> GTAM | G63: 10.0 X 30.0 X 10.0 | H63: =C63*$H$1 -> 24 | I63: =I57 -> đã đặt phôi, có thể làm xong trc 5/4
B64: V62 | C64: 4 | D64: 21.8_B6000ZZ_1 | E64: =E33 -> B6000ZZ | F64: =F33 -> VB | G64: 8.0 X 26.0 X 26.0 | H64: =C64*$H$1 -> 24 | I64: hàng đã về
B65: V63 | C65: 2 | D65: 18.6_Mnf_SUS304_1_MIR | E65: =E58 -> SUS304 có điện hóa | F65: =F58 -> CG | G65: 335.0 X 25.0 X 32.0 | H65: =C65*$H$1 -> 12 | I65: =I59 -> đã chốt làm MAH toàn bộ, có hàng trc 4/4
B66: V64 | C66: 2 | D66: 18.4_Mnf_Al6061_1_MIR | E66: =E56 -> AL6061, anode màu đen | F66: =F56 -> GTAM | G66: 335.0 X 10.0 X 39.0 | H66: =C66*$H$1 -> 12 | I66: =I63 -> đã đặt phôi, có thể làm xong trc 5/4
B67: V65 | C67: 2 | D67: 18.1_Mnf_AL6061_1_MIR | E67: =E36 -> AL6061, anode màu đen | F67: =F36 -> GTAM | G67: 90.0 X 125.0 X 10.0 | H67: =C67*$H$1 -> 12 | I67: =I66 -> đã đặt phôi, có thể làm xong trc 5/4
B68: V66 | C68: 2 | D68: 18.2_Mnf_AL6061_1_MIR | E68: =E37 -> AL6061, anode màu đen | F68: =F37 -> GTAM | G68: 50.0 X 95.0 X 10.0 | H68: =C68*$H$1 -> 12 | I68: =I67 -> đã đặt phôi, có thể làm xong trc 5/4
B69: V67 | C69: 1 | D69: 18.3_Mnf_AL6061_1_MIR | E69: =E38 -> AL6061, anode màu đen | F69: =F38 -> GTAM | G69: 50.0 X 10.0 X 243.0 | H69: =C69*$H$1 -> 6 | I69: =I68 -> đã đặt phôi, có thể làm xong trc 5/4
B70: V68 | C70: 2 | D70: 18.12_Mnf_SUS304_1_MIR | E70: =E7 -> SUS304 điện hóa/ S45C mạ Nikel, có lăn nhám | F70: =F55 -> TAT | G70: 20.0 X 34.0 X 34.0 | H70: =C70*$H$1 -> 12 | I70: =I61 -> Ng đã đặt NCC mới cho đủ 84CV
B71: V69 | C71: 4 | D71: 18.13_688AZZ_NSK_1_MIR | E71: =E40 -> vòng bi 688AZZ | F71: =F40 -> VB | G71: 5.0 X 16.0 X 16.0 | H71: =C71*$H$1 -> 24 | I71: =I64 -> hàng đã về
B72: V70 | C72: 1 | D72: 20.1_Mnf_Al6061_1_MIR | E72: =E49 -> AL6061, anode màu đen | F72: =F49 -> GTAM | G72: 10.0 X 94.0 X 58.0 | H72: =C72*$H$1 -> 6 | I72: =I69 -> đã đặt phôi, có thể làm xong trc 5/4
B73: V71 | C73: 1 | D73: 20.2_Mnf_Al6061_1_MIR | E73: =E50 -> AL6061, anode màu đen | F73: =F50 -> GTAM | G73: 8.0 X 69.0 X 95.0 | H73: =C73*$H$1 -> 6 | I73: =I72 -> đã đặt phôi, có thể làm xong trc 5/4
B74: V72 | C74: 1 | D74: 20.4_Mnf_SUS304_1_MIR | E74: =E51 -> SUS304 có điện hóa | F74: =F51 -> CG | G74: 62.0 X 61.0 X 79.0 | H74: =C74*$H$1 -> 6 | I74: =I65 -> đã chốt làm MAH toàn bộ, có hàng trc 4/4
B75: V73 | C75: 1 | D75: 20.3_Mnf_Al6061_1_MIR | E75: =E52 -> AL6061, anode màu đen | F75: =F52 -> GTAM | G75: 10.0 X 58.0 X 115.0 | H75: =C75*$H$1 -> 6 | I75: =I73 -> đã đặt phôi, có thể làm xong trc 5/4
B76: V74 | C76: 1 | D76: 20.5_Mnf_SUS304_1_MIR | E76: =E53 -> SUS304 có điện hóa | F76: =F53 -> CG | G76: 41.0 X 31.0 X 94.0 | H76: =C76*$H$1 -> 6 | I76: =I65 -> đã chốt làm MAH toàn bộ, có hàng trc 4/4
B77: V75 | C77: 1 | D77: SPG S6I06GX-V12_MIR | E77: =E46 -> động cơ S6I06GX-V12/ bộ điều khiển tốc độ đi kèm | F77: =F46 -> SPG | G77: 88.0 X 60.0 X 62.0 | H77: =C77*$H$1 -> 6 | I77: =I47 -> đã báo đặt hàng
B78: V76 | C78: 1 | D78: Hộp số SPG S6KA30B_MIR | E78: =E47 -> kiu | F78: =F47 -> SPG | G78: 73.0 X 60.0 X 60.0 | H78: =C78*$H$1 -> 6 | I78: =I77 -> đã báo đặt hàng
B79: V77 | C79: 2 | D79: 6.6_HTPA25S3M150-A-N8_1_MIR | E79: HTPA25S3M150-A-N8 | F79: =F43 -> UP | G79: 21.0 X 28.0 X 28.0 | H79: =C79*$H$1 -> 12 | I79: =I43 -> đã nhận hàng 30/3
B80: V78 | C80: 2 | D80: 6.7_KES3-12_1_MIR | E80: =E44 -> chốt cài KES3-12 | F80: =F44 -> Then cài | G80: 12.0 X 3.0 X 3.0 | H80: =C80*$H$1 -> 12 | I80: =I44 -> đã tồn kho sẵn
B81: V79 | C81: 1 | D81: 21.11_Mnf_SUS304_1_MIR | E81: =E41 -> SUS304 có điện hóa | F81: =F41 -> CG | G81: 90.0 X 111.0 X 28.0 | H81: =C81*$H$1 -> 6 | I81: =I76 -> đã chốt làm MAH toàn bộ, có hàng trc 4/4
B82: V80 | C82: 1 | D82: 21.13_HTBN225S3M-150_info-1-25-25_MIR | E82: =E45 -> HTBN225S3M-150 --> đổi sang C-HTBN225S3M-150 | F82: =F45 -> MI | G82: 100.0 X 25.0 X 15.0 | H82: =C82*$H$1 -> 6 | I82: =I45 -> 31/3 và 3/4 nhận đủ hàng
B83: V81 | C83: 1 | D83: 21.12_Mnf_PC ESD trong_1_MIR | E83: =E42 -> Mica trong | F83: =F42 -> GTAM | G83: 6.0 X 109.0 X 86.0 | H83: =C83*$H$1 -> 6 | I83: =I75 -> đã đặt phôi, có thể làm xong trc 5/4
B84: V82 | C84: 1 | D84: 21.15_Mnf_Al6061_1_MIR | E84: =E48 -> AL6061, anode màu đen | F84: =F48 -> GTAM | G84: 90.0 X 73.0 X 10.0 | H84: =C84*$H$1 -> 6 | I84: =I83 -> đã đặt phôi, có thể làm xong trc 5/4
B85: V83 | C85: 1 | D85: 18.091024_AL6061_01_MIR | E85: =E22 -> AL6061, anode màu đen | F85: =F22 -> GTAM | G85: 10.0 X 30.0 X 26.0 | H85: =C85*$H$1 -> 6 | I85: =I84 -> đã đặt phôi, có thể làm xong trc 5/4
B86: V84 | C86: 1 | D86: 18.10_Mnf_SUS304_1_MIR | E86: =E54 -> SUS304 điện hóa/ S45C mạ Nikel | F86: =F54 -> TAT | G86: 12.0 X 273.0 X 12.0 | H86: =C86*$H$1 -> 6 | I86: =I70 -> Ng đã đặt NCC mới cho đủ 84CV
B87: V85 | C87: 2 | D87: 18.11_Mnf_SUS304_1_MIR | E87: =E86 -> SUS304 điện hóa/ S45C mạ Nikel | F87: =F70 -> TAT | G87: 20.0 X 34.0 X 34.0 | H87: =C87*$H$1 -> 12 | I87: =I86 -> Ng đã đặt NCC mới cho đủ 84CV
B88: V86 | C88: 1 | D88: 18.4_Mnf_Al6061_1_MIR1 | E88: =E66 -> AL6061, anode màu đen | F88: =F66 -> GTAM | G88: 335.0 X 10.0 X 39.0 | H88: =C88*$H$1 -> 6 | I88: =I85 -> đã đặt phôi, có thể làm xong trc 5/4
B89: V87 | C89: 1 | D89: 18.5_Mnf_Al6061_1_MIR | E89: =E57 -> AL6061, anode màu đen | F89: =F57 -> GTAM | G89: 10.0 X 30.0 X 30.0 | H89: =C89*$H$1 -> 6 | I89: =I88 -> đã đặt phôi, có thể làm xong trc 5/4
B90: V88 | C90: 1 | D90: 18.6_Mnf_SUS304_1_MIR1 | E90: =E65 -> SUS304 có điện hóa | F90: =F65 -> CG | G90: 335.0 X 25.0 X 32.0 | H90: =C90*$H$1 -> 6 | I90: =I81 -> đã chốt làm MAH toàn bộ, có hàng trc 4/4
B91: V89 | C91: 2 | D91: 18.7_Mnf_SUS304_1_MIR | E91: =E59 -> SUS304 có điện hóa | F91: =F59 -> CG | G91: 256.0 X 57.0 X 18.0 | H91: =C91*$H$1 -> 12 | I91: =I90 -> đã chốt làm MAH toàn bộ, có hàng trc 4/4
B92: V90 | C92: 2 | D92: 18.8_Belt PU chống tĩnh điện_MIR | E92: =E60 -> belt PU chống tĩnh điện, màu đen, dày 1.5mm, bản rộng 20mm, chu vi 680mm ( đo mép trong 686mm) | F92: =F60 -> Yongli | G92: 329.0 X 20.0 X 33.0 | H92: =C92*$H$1 -> 12 | I92: =I60 -> đã nhận hàng
B93: V91 | C93: 1 | D93: 18.9_Mnf_SUS304_1_MIR | E93: =E61 -> SUS304 điện hóa/ S45C mạ Nikel | F93: =F30 -> TAT | G93: 260.0 X 10.0 X 10.0 | H93: =C93*$H$1 -> 6 | I93: =I87 -> Ng đã đặt NCC mới cho đủ 84CV
B94: V92 | C94: 2 | D94: 18.STWN8_MIR | E94: =E62 -> Phanh trục STWN8 | F94: =F62 -> PT- Phanh trục | G94: 1.0 X 13.0 X 10.0 | H94: =C94*$H$1 -> 12 | I94: =I62 -> tồn kho sẵn
B95: V93 | C95: 2 | D95: 21.2_Mnf_Al6061_1_MIR | E95: =E63 -> AL6061, anode màu đen | F95: =F63 -> GTAM | G95: 10.0 X 30.0 X 10.0 | H95: =C95*$H$1 -> 12 | I95: =I89 -> đã đặt phôi, có thể làm xong trc 5/4
B96: V94 | C96: 2 | D96: 21.8_B6000ZZ_1_MIR | E96: =E64 -> B6000ZZ | F96: =F64 -> VB | G96: 8.0 X 26.0 X 26.0 | H96: =C96*$H$1 -> 12 | I96: =I71 -> hàng đã về
B97: V95 | C97: 1 | D97: 18.6_Mnf_SUS304_1_MIR_MIR | E97: =E90 -> SUS304 có điện hóa | F97: =F90 -> CG | G97: 335.0 X 25.0 X 32.0 | H97: =C97*$H$1 -> 6 | I97: =I91 -> đã chốt làm MAH toàn bộ, có hàng trc 4/4
B98: V96 | C98: 1 | D98: 18.4_Mnf_Al6061_1_MIR_MIR | E98: =E88 -> AL6061, anode màu đen | F98: =F88 -> GTAM | G98: 335.0 X 10.0 X 39.0 | H98: =C98*$H$1 -> 6 | I98: =I95 -> đã đặt phôi, có thể làm xong trc 5/4
B99: V97 | C99: 1 | D99: 091024_AL6061_01 | E99: =E85 -> AL6061, anode màu đen | F99: =F85 -> GTAM | G99: 10.0 X 30.0 X 26.0 | H99: =C99*$H$1 -> 6 | I99: =I98 -> đã đặt phôi, có thể làm xong trc 5/4
G101: =I2 -> giao 50% ngày 5/4 | H101: =J2 -> giao 50% còn lại ngày 15/4
...

Sheet Z0000002-238847 BOM trien khai
A1: Z0000002-238847 BOM | G1: SL | H1: 9 | I1: [4pcs/cụm* 9=36 pcs]
A2: Image | B2: ID Number | C2: Quantity | D2: Standard Number | E2: Sub Category | F2: NCC | G2: Visible Part Size | I2: note 1 | O2: Material
B3: X01 | C3: 1 | D3: SPG S6I06GX-V12_MIR2 | E3: động cơ SPG S6I06GX-V12/ bộ điều khiển tốc độ đi kèm | F3: SPG | G3: 88.0 X 60.0 X 62.0 | H3: =$H$1*C3 -> 9
B4: X02 | C4: 1 | D4: Hộp số SPG S6KA30B_MIR2 | E4: Hộp số SPG S6KA30B | F4: =F3 -> SPG | G4: 73.0 X 60.0 X 60.0 | H4: =$H$1*C4 -> 9
B5: X03 | C5: 2 | D5: 6.6_HTPA25S3M150-A-N8_1_MIR2 | E5: HTPA25S3M150-A-N8 | F5: UP | G5: 21.0 X 28.0 X 28.0 | H5: =$H$1*C5 -> 18 | I5: ='Z0000002-238846 BOM trien k hai'!G109 -> đã nhận hàng 30/3
B6: X04 | C6: 2 | D6: 6.7_KES3-12_1_MIR2 | E6: chốt cài KES3-12 | F6: Then cài | G6: 12.0 X 3.0 X 3.0 | H6: =$H$1*C6 -> 18 | I6: đang check tồn
B7: X05 | C7: 1 | D7: 21.11_Mnf_SUS304_1_MIR2 | E7: SUS304 điện hóa | F7: CG | G7: 90.0 X 111.0 X 28.0 | H7: =$H$1*C7 -> 9
B8: X06 | C8: 1 | D8: 21.13_HTBN225S3M-150_info-1-25-25_MIR2 | E8: HTBN225S3M-150 --> đổi sang C-HTBN225S3M-150 | F8: MI | G8: 100.0 X 25.0 X 15.0 | H8: =$H$1*C8 -> 9 | I8: ='Z0000002-238846 BOM trien k hai'!G105 -> 31/3 và 3/4 nhận đủ hàng
B9: X07 | C9: 1 | D9: 21.12_Mnf_PC ESD trong_1_MIR2 | E9: Mica trong | F9: GTAM | G9: 6.0 X 109.0 X 86.0 | H9: =$H$1*C9 -> 9
B10: X08 | C10: 1 | D10: 21.15_Mnf_Al6061_1_MIR2 | E10: AL6061, anode màu đen | F10: =F9 -> GTAM | G10: 90.0 X 73.0 X 10.0 | H10: =$H$1*C10 -> 9
B11: X09 | C11: 1 | D11: 20.1_Mnf_Al6061_1_MIR2 | E11: =E10 -> AL6061, anode màu đen | F11: =F10 -> GTAM | G11: 10.0 X 94.0 X 58.0 | H11: =$H$1*C11 -> 9
B12: X10 | C12: 1 | D12: 20.2_Mnf_Al6061_1_MIR2 | E12: =E23 -> AL6061, anode màu đen | F12: =F23 -> GTAM | G12: 8.0 X 69.0 X 95.0 | H12: =$H$1*C12 -> 9
B13: X11 | C13: 1 | D13: 20.4_Mnf_SUS304_1_MIR2 | E13: SUS304 điện hóa | F13: CG | G13: 62.0 X 61.0 X 79.0 | H13: =$H$1*C13 -> 9
B14: X12 | C14: 1 | D14: 20.3_Mnf_Al6061_1_MIR2 | E14: =E23 -> AL6061, anode màu đen | F14: =F23 -> GTAM | G14: 10.0 X 58.0 X 115.0 | H14: =$H$1*C14 -> 9
B15: X13 | C15: 1 | D15: 20.5_Mnf_SUS304_1_MIR2 | E15: SUS304 điện hóa | F15: CG | G15: 41.0 X 31.0 X 94.0 | H15: =$H$1*C15 -> 9
B16: X14 | C16: 2 | D16: 17.0.B6900ZZ_230824_MIR_MIR1 | E16: vòng bi B6900ZZ | F16: VB | G16: 6.0 X 22.0 X 22.0 | H16: =$H$1*C16 -> 18 | I16: ='Z0000002-238846 BOM trien k hai'!G110 -> hàng đã về
B17: X15 | C17: 2 | D17: 18.1_Mnf_AL6061_1_MIR2 | E17: =E23 -> AL6061, anode màu đen | F17: =F23 -> GTAM | G17: 90.0 X 125.0 X 10.0 | H17: =$H$1*C17 -> 18
B18: X16 | C18: 2 | D18: 18.2_Mnf_AL6061_1_MIR2 | E18: =E23 -> AL6061, anode màu đen | F18: =F23 -> GTAM | G18: 50.0 X 95.0 X 10.0 | H18: =$H$1*C18 -> 18
B19: X17 | C19: 1 | D19: 18.3_Mnf_AL6061_1_MIR2 | E19: =E23 -> AL6061, anode màu đen | F19: =F23 -> GTAM | G19: 50.0 X 10.0 X 243.0 | H19: =$H$1*C19 -> 9
B20: X18 | C20: 1 | D20: 21.10_Belt PU chong tinh dien_1_MIR1 | E20: belt PU chống tĩnh điện, màu đen, dày 1.5mm, bản rộng 226mm, chu vi 600mm ( đo mép trong 606mm, đai căn chỉnh ở giữa) | F20: Yongli | G20: 289.0 X 226.0 X 33.0 | H20: =$H$1*C20 -> 9 | I20: ='[1]Z0000002-238846 BOM trien k hai'!$I$29 -> đã chốt đặt hàng
B21: X19 | C21: 1 | D21: 21.1_Mnf_Al6061_1_MIR2 | E21: =E23 -> AL6061, anode màu đen | F21: =F23 -> GTAM | G21: 295.0 X 10.0 X 39.0 | H21: =$H$1*C21 -> 9
B22: X20 | C22: 1 | D22: 21.1_Mnf_Al6061_1_MIR_MIR1 | E22: =E21 -> AL6061, anode màu đen | F22: =F21 -> GTAM | G22: 295.0 X 10.0 X 39.0 | H22: =$H$1*C22 -> 9
B23: X21 | C23: 2 | D23: 21.2_Mnf_Al6061_1_MIR2 | E23: AL6061, anode màu đen | F23: GTAM | G23: 10.0 X 30.0 X 10.0 | H23: =$H$1*C23 -> 18
B24: X22 | C24: 1 | D24: 21.3_Mnf_SUS304_1_MIR1 | E24: SUS304 điện hóa | F24: CG | G24: 216.0 X 230.0 X 18.0 | H24: =$H$1*C24 -> 9
B25: X23 | C25: 1 | D25: 21.4_Mnf_SUS304_1_MIR2 | E25: SUS304 điện hóa | F25: CG | G25: 295.0 X 25.0 X 32.0 | H25: =$H$1*C25 -> 9
B26: X24 | C26: 1 | D26: 21.4_Mnf_SUS304_1_MIR_MIR1 | E26: =E25 -> SUS304 điện hóa | F26: =F25 -> CG | G26: 295.0 X 25.0 X 32.0 | H26: =$H$1*C26 -> 9
B27: X25 | C27: 1 | D27: 21.6_Mnf_SUS304_1_MIR1 | E27: ct trục, SUS304 điện hóa/ S45C mạ nikel | F27: PG | G27: 10.0 X 268.0 X 10.0 | H27: =$H$1*C27 -> 9
B28: X26 | C28: 1 | D28: 21.7_Mnf_SUS304_1_MIR1 | E28: ct trục, SUS304 điện hóa/ S45C mạ nikel | F28: PG | G28: 30.0 X 224.0 X 30.0 | H28: =$H$1*C28 -> 9
B29: X27 | C29: 2 | D29: 21.8_B6000ZZ_1_MIR2 | E29: Vòng bi B6000ZZ | F29: VB | G29: 8.0 X 26.0 X 26.0 | H29: =$H$1*C29 -> 18
B30: X28 | C30: 2 | D30: 21.9_STWN10_1_MIR1 | E30: phanh trục STWN10 | F30: PT- Phanh trục | G30: 15.0 X 1.0 X 13.0 | H30: =$H$1*C30 -> 18 | I30: Tồn kho sẵn
B31: X29 | C31: 1 | D31: 21.5_Mnf_SUS304_1_MIR1 | E31: ct trục, SUS304 điện hóa/ S45C mạ nikel | F31: PG | G31: 30.0 X 271.0 X 30.0 | H31: =$H$1*C31 -> 9
B32: X30 | C32: 2 | D32: 21.11_Mnf_SUS304_1 | E32: =E7 -> SUS304 điện hóa | F32: =F7 -> CG | G32: 90.0 X 111.0 X 28.0 | H32: =$H$1*C32 -> 18
B33: X31 | C33: 2 | D33: HI_HTBN225S3M-150_info-1-25-25 | E33: =E8 -> HTBN225S3M-150 --> đổi sang C-HTBN225S3M-150 | F33: =F8 -> MI | G33: 100.0 X 25.0 X 15.0 | H33: =$H$1*C33 -> 18 | I33: =I8 -> 31/3 và 3/4 nhận đủ hàng
B34: X32 | C34: 2 | D34: 21.12_Mnf_PC ESD trong_1 | E34: =E9 -> Mica trong | F34: =F9 -> GTAM | G34: 6.0 X 109.0 X 86.0 | H34: =$H$1*C34 -> 18
B35: X33 | C35: 4 | D35: 6.6_HTPA25S3M150-A-N8_1 | E35: HTPA25S3M150-A-N8 | F35: =F5 -> UP | G35: 21.0 X 28.0 X 28.0 | H35: =$H$1*C35 -> 36 | I35: =I5 -> đã nhận hàng 30/3
B36: X34 | C36: 4 | D36: 6.7_KES3-12_1 | E36: =E6 -> chốt cài KES3-12 | F36: =F6 -> Then cài | G36: 12.0 X 3.0 X 3.0 | H36: =$H$1*C36 -> 36 | I36: ='[1]Z0000002-238846 BOM trien k hai'!$I$80 -> đã tồn kho sẵn
B37: X35 | C37: 2 | D37: SPG S6I06GX-V12 | E37: =E3 -> động cơ SPG S6I06GX-V12/ bộ điều khiển tốc độ đi kèm | F37: =F3 -> SPG | G37: 88.0 X 60.0 X 62.0 | H37: =$H$1*C37 -> 18
B38: X36 | C38: 2 | D38: SPG S6DA30B, đổi sang S6KA30B | E38: =E4 -> Hộp số SPG S6KA30B | F38: =F4 -> SPG | G38: 73.0 X 60.0 X 60.0 | H38: =$H$1*C38 -> 18
B39: X37 | C39: 2 | D39: 21.15_Mnf_Al6061_1 | E39: =E10 -> AL6061, anode màu đen | F39: =F10 -> GTAM | G39: 90.0 X 73.0 X 10.0 | H39: =$H$1*C39 -> 18
B40: X38 | C40: 2 | D40: 20.1_Mnf_Al6061_1 | E40: =E11 -> AL6061, anode màu đen | F40: =F11 -> GTAM | G40: 10.0 X 94.0 X 58.0 | H40: =$H$1*C40 -> 18
B41: X39 | C41: 2 | D41: 20.2_Mnf_Al6061_1 | E41: =E12 -> AL6061, anode màu đen | F41: =F12 -> GTAM | G41: 8.0 X 69.0 X 95.0 | H41: =$H$1*C41 -> 18
B42: X40 | C42: 2 | D42: 20.4_Mnf_SUS304_1 | E42: =E13 -> SUS304 điện hóa | F42: =F13 -> CG | G42: 62.0 X 61.0 X 79.0 | H42: =$H$1*C42 -> 18
B43: X41 | C43: 2 | D43: 20.3_Mnf_Al6061_1 | E43: =E14 -> AL6061, anode màu đen | F43: =F14 -> GTAM | G43: 10.0 X 58.0 X 115.0 | H43: =$H$1*C43 -> 18
B44: X42 | C44: 2 | D44: 20.5_Mnf_SUS304_1 | E44: =E15 -> SUS304 điện hóa | F44: =F15 -> CG | G44: 41.0 X 31.0 X 94.0 | H44: =$H$1*C44 -> 18
B45: X43 | C45: 4 | D45: 0.B6900ZZ_230824_MIR | E45: =E16 -> vòng bi B6900ZZ | F45: =F16 -> VB | G45: 6.0 X 22.0 X 22.0 | H45: =$H$1*C45 -> 36 | I45: =I16 -> hàng đã về
B46: X44 | C46: 4 | D46: 18.1_Mnf_AL6061_1 | E46: =E17 -> AL6061, anode màu đen | F46: =F17 -> GTAM | G46: 90.0 X 125.0 X 10.0 | H46: =$H$1*C46 -> 36
B47: X45 | C47: 4 | D47: 18.2_Mnf_AL6061_1 | E47: =E18 -> AL6061, anode màu đen | F47: =F18 -> GTAM | G47: 50.0 X 95.0 X 10.0 | H47: =$H$1*C47 -> 36
B48: X46 | C48: 2 | D48: 18.3_Mnf_AL6061_1 | E48: =E19 -> AL6061, anode màu đen | F48: =F19 -> GTAM | G48: 50.0 X 10.0 X 243.0 | H48: =$H$1*C48 -> 18
B49: X47 | C49: 2 | D49: 21.10_Belt PU chong tinh dien_1 | E49: =E20 -> belt PU chống tĩnh điện, màu đen, dày 1.5mm, bản rộng 226mm, chu vi 600mm ( đo mép trong 606mm, đai căn chỉnh ở giữa) | F49: =F20 -> Yongli | G49: 289.0 X 226.0 X 33.0 | H49: =$H$1*C49 -> 18 | I49: =I20 -> đã chốt đặt hàng
B50: X48 | C50: 2 | D50: 21.1_Mnf_Al6061_1 | E50: =E22 -> AL6061, anode màu đen | F50: =F22 -> GTAM | G50: 295.0 X 10.0 X 39.0 | H50: =$H$1*C50 -> 18
B51: X49 | C51: 2 | D51: 21.1_Mnf_Al6061_1_MIR | E51: =E50 -> AL6061, anode màu đen | F51: =F50 -> GTAM | G51: 295.0 X 10.0 X 39.0 | H51: =$H$1*C51 -> 18
B52: X50 | C52: 4 | D52: 21.2_Mnf_Al6061_1 | E52: =E23 -> AL6061, anode màu đen | F52: =F23 -> GTAM | G52: 10.0 X 30.0 X 10.0 | H52: =$H$1*C52 -> 36
B53: X51 | C53: 2 | D53: 21.3_Mnf_SUS304_1 | E53: =E24 -> SUS304 điện hóa | F53: =F24 -> CG | G53: 216.0 X 230.0 X 18.0 | H53: =$H$1*C53 -> 18
B54: X52 | C54: 2 | D54: 21.4_Mnf_SUS304_1 | E54: =E26 -> SUS304 điện hóa | F54: =F26 -> CG | G54: 295.0 X 25.0 X 32.0 | H54: =$H$1*C54 -> 18
B55: X53 | C55: 2 | D55: 21.4_Mnf_SUS304_1_MIR | E55: =E54 -> SUS304 điện hóa | F55: =F54 -> CG | G55: 295.0 X 25.0 X 32.0 | H55: =$H$1*C55 -> 18
B56: X54 | C56: 2 | D56: 21.6_Mnf_SUS304_1 | E56: =E27 -> ct trục, SUS304 điện hóa/ S45C mạ nikel | F56: =F27 -> PG | G56: 10.0 X 268.0 X 10.0 | H56: =$H$1*C56 -> 18
B57: X55 | C57: 2 | D57: 21.7_Mnf_SUS304_1 | E57: =E28 -> ct trục, SUS304 điện hóa/ S45C mạ nikel | F57: =F28 -> PG | G57: 30.0 X 224.0 X 30.0 | H57: =$H$1*C57 -> 18
B58: X56 | C58: 4 | D58: 21.8_B6000ZZ_1 | E58: =E29 -> Vòng bi B6000ZZ | F58: =F29 -> VB | G58: 8.0 X 26.0 X 26.0 | H58: =$H$1*C58 -> 36
B59: X57 | C59: 4 | D59: 21.9_STWN10_1 | E59: =E30 -> phanh trục STWN10 | F59: =F30 -> PT- Phanh trục | G59: 15.0 X 1.0 X 13.0 | H59: =$H$1*C59 -> 36 | I59: =I30 -> Tồn kho sẵn
B60: X58 | C60: 2 | D60: 21.5_Mnf_SUS304_1 | E60: =E31 -> ct trục, SUS304 điện hóa/ S45C mạ nikel | F60: =F31 -> PG | G60: 30.0 X 271.0 X 30.0 | H60: =$H$1*C60 -> 18
B61: X59 | C61: 1 | D61: SPG S6I06GX-V12_MIR1 | E61: =E37 -> động cơ SPG S6I06GX-V12/ bộ điều khiển tốc độ đi kèm | F61: =F37 -> SPG | G61: 88.0 X 60.0 X 62.0 | H61: =$H$1*C61 -> 9
B62: X60 | C62: 1 | D62: Hộp số SPG S6KA30B_MIR1 | E62: =E38 -> Hộp số SPG S6KA30B | F62: =F38 -> SPG | G62: 73.0 X 60.0 X 60.0 | H62: =$H$1*C62 -> 9
B63: X61 | C63: 2 | D63: 6.6_HTPA25S3M150-A-N8_1_MIR1 | E63: HTPA25S3M150-A-N8 | F63: =F35 -> UP | G63: 21.0 X 28.0 X 28.0 | H63: =$H$1*C63 -> 18 | I63: =I35 -> đã nhận hàng 30/3
B64: X62 | C64: 2 | D64: 6.7_KES3-12_1_MIR1 | E64: =E36 -> chốt cài KES3-12 | F64: =F36 -> Then cài | G64: 12.0 X 3.0 X 3.0 | H64: =$H$1*C64 -> 18 | I64: =I36 -> đã tồn kho sẵn
B65: X63 | C65: 1 | D65: 21.11_Mnf_SUS304_1_MIR1 | E65: =E32 -> SUS304 điện hóa | F65: =F7 -> CG | G65: 90.0 X 111.0 X 28.0 | H65: =$H$1*C65 -> 9
B66: X64 | C66: 1 | D66: 21.13_HTBN225S3M-150_info-1-25-25_MIR1 | E66: =E33 -> HTBN225S3M-150 --> đổi sang C-HTBN225S3M-150 | F66: =F33 -> MI | G66: 100.0 X 25.0 X 15.0 | H66: =$H$1*C66 -> 9 | I66: =I33 -> 31/3 và 3/4 nhận đủ hàng
B67: X65 | C67: 1 | D67: 21.12_Mnf_PC ESD trong_1_MIR1 | E67: =E34 -> Mica trong | F67: =F34 -> GTAM | G67: 6.0 X 109.0 X 86.0 | H67: =$H$1*C67 -> 9
B68: X66 | C68: 1 | D68: 21.15_Mnf_Al6061_1_MIR1 | E68: =E39 -> AL6061, anode màu đen | F68: =F39 -> GTAM | G68: 90.0 X 73.0 X 10.0 | H68: =$H$1*C68 -> 9
B69: X67 | C69: 1 | D69: 20.1_Mnf_Al6061_1_MIR1 | E69: =E40 -> AL6061, anode màu đen | F69: =F40 -> GTAM | G69: 10.0 X 94.0 X 58.0 | H69: =$H$1*C69 -> 9
B70: X68 | C70: 1 | D70: 20.2_Mnf_Al6061_1_MIR1 | E70: =E41 -> AL6061, anode màu đen | F70: =F41 -> GTAM | G70: 8.0 X 69.0 X 95.0 | H70: =$H$1*C70 -> 9
B71: X69 | C71: 1 | D71: 20.4_Mnf_SUS304_1_MIR1 | E71: =E42 -> SUS304 điện hóa | F71: =F42 -> CG | G71: 62.0 X 61.0 X 79.0 | H71: =$H$1*C71 -> 9
B72: X70 | C72: 1 | D72: 20.3_Mnf_Al6061_1_MIR1 | E72: =E43 -> AL6061, anode màu đen | F72: =F43 -> GTAM | G72: 10.0 X 58.0 X 115.0 | H72: =$H$1*C72 -> 9
B73: X71 | C73: 1 | D73: 20.5_Mnf_SUS304_1_MIR1 | E73: =E44 -> SUS304 điện hóa | F73: =F44 -> CG | G73: 41.0 X 31.0 X 94.0 | H73: =$H$1*C73 -> 9
B74: X72 | C74: 2 | D74: 17.0.B6900ZZ_230824_MIR_MIR | E74: =E45 -> vòng bi B6900ZZ | F74: =F45 -> VB | G74: 6.0 X 22.0 X 22.0 | H74: =$H$1*C74 -> 18 | I74: =I45 -> hàng đã về
B75: X73 | C75: 2 | D75: 18.1_Mnf_AL6061_1_MIR1 | E75: =E46 -> AL6061, anode màu đen | F75: =F46 -> GTAM | G75: 90.0 X 125.0 X 10.0 | H75: =$H$1*C75 -> 18
B76: X74 | C76: 2 | D76: 18.2_Mnf_AL6061_1_MIR1 | E76: =E47 -> AL6061, anode màu đen | F76: =F47 -> GTAM | G76: 50.0 X 95.0 X 10.0 | H76: =$H$1*C76 -> 18
B77: X75 | C77: 1 | D77: 18.3_Mnf_AL6061_1_MIR1 | E77: =E48 -> AL6061, anode màu đen | F77: =F48 -> GTAM | G77: 50.0 X 10.0 X 243.0 | H77: =$H$1*C77 -> 9
B78: X76 | C78: 1 | D78: 21.10_Belt PU chong tinh dien_1_MIR | E78: =E49 -> belt PU chống tĩnh điện, màu đen, dày 1.5mm, bản rộng 226mm, chu vi 600mm ( đo mép trong 606mm, đai căn chỉnh ở giữa) | F78: =F49 -> Yongli | G78: 289.0 X 226.0 X 33.0 | H78: =$H$1*C78 -> 9 | I78: =I49 -> đã chốt đặt hàng
B79: X77 | C79: 1 | D79: 21.1_Mnf_Al6061_1_MIR1 | E79: =E51 -> AL6061, anode màu đen | F79: =F51 -> GTAM | G79: 295.0 X 10.0 X 39.0 | H79: =$H$1*C79 -> 9
B80: X78 | C80: 1 | D80: 21.1_Mnf_Al6061_1_MIR_MIR | E80: =E79 -> AL6061, anode màu đen | F80: =F79 -> GTAM | G80: 295.0 X 10.0 X 39.0 | H80: =$H$1*C80 -> 9
B81: X79 | C81: 2 | D81: 21.2_Mnf_Al6061_1_MIR1 | E81: =E52 -> AL6061, anode màu đen | F81: =F52 -> GTAM | G81: 10.0 X 30.0 X 10.0 | H81: =$H$1*C81 -> 18
B82: X80 | C82: 1 | D82: 21.3_Mnf_SUS304_1_MIR | E82: =E53 -> SUS304 điện hóa | F82: =F53 -> CG | G82: 216.0 X 230.0 X 18.0 | H82: =$H$1*C82 -> 9
B83: X81 | C83: 1 | D83: 21.4_Mnf_SUS304_1_MIR1 | E83: =E55 -> SUS304 điện hóa | F83: =F55 -> CG | G83: 295.0 X 25.0 X 32.0 | H83: =$H$1*C83 -> 9
B84: X82 | C84: 1 | D84: 21.4_Mnf_SUS304_1_MIR_MIR | E84: =E83 -> SUS304 điện hóa | F84: =F83 -> CG | G84: 295.0 X 25.0 X 32.0 | H84: =$H$1*C84 -> 9
B85: X83 | C85: 1 | D85: 21.6_Mnf_SUS304_1_MIR | E85: =E56 -> ct trục, SUS304 điện hóa/ S45C mạ nikel | F85: =F56 -> PG | G85: 10.0 X 268.0 X 10.0 | H85: =$H$1*C85 -> 9
B86: X84 | C86: 1 | D86: 21.7_Mnf_SUS304_1_MIR | E86: =E57 -> ct trục, SUS304 điện hóa/ S45C mạ nikel | F86: =F28 -> PG | G86: 30.0 X 224.0 X 30.0 | H86: =$H$1*C86 -> 9
B87: X85 | C87: 2 | D87: 21.8_B6000ZZ_1_MIR1 | E87: =E58 -> Vòng bi B6000ZZ | F87: =F58 -> VB | G87: 8.0 X 26.0 X 26.0 | H87: =$H$1*C87 -> 18
B88: X86 | C88: 2 | D88: 21.9_STWN10_1_MIR | E88: =E59 -> phanh trục STWN10 | F88: =F59 -> PT- Phanh trục | G88: 15.0 X 1.0 X 13.0 | H88: =$H$1*C88 -> 18 | I88: =I59 -> Tồn kho sẵn
B89: X87 | C89: 1 | D89: 21.5_Mnf_SUS304_1_MIR | E89: =E60 -> ct trục, SUS304 điện hóa/ S45C mạ nikel | F89: =F60 -> PG | G89: 30.0 X 271.0 X 30.0 | H89: =$H$1*C89 -> 9
F93: GTAM | G93: ='Z0000002-238846 BOM trien k hai'!G102 -> đã đặt phôi, có thể làm xong trc 5/4
F94: CG | G94: ='Z0000002-238846 BOM trien k hai'!G103 -> đã chốt làm MAH toàn bộ, có hàng trc 4/4
F95: =F66 -> MI | G95: =I66 -> 31/3 và 3/4 nhận đủ hàng
F96: PG | G96: ='Z0000002-238846 BOM trien k hai'!G106 -> Ng đã đặt NCC mới cho đủ 84CV
F97: =F88 -> PT- Phanh trục | G97: =I88 -> Tồn kho sẵn
F98: SPG | G98: ='[1]Z0000002-238846 BOM trien k hai'!$G$108 -> đã báo đặt hàng
F99: =F64 -> Then cài | G99: =I64 -> đã tồn kho sẵn
F100: =F63 -> UP | G100: ='Z0000002-238846 BOM trien k hai'!G109 -> đã nhận hàng 30/3
F101: =F74 -> VB | G101: =I74 -> hàng đã về
F102: Yongli | G102: =I78 -> đã chốt đặt hàng

Sheet Z0000002-238848 BOM trien k hai
A1: Z0000002-238848 Z0000002-238849 _ 6&7.Cụm CV_In Out Set - BOM | G1: SL | H1: 6 | I1: [ 02 pcs/set*6= 12 pcs ]
A2: Image | B2: ID Number | C2: Quantity | D2: Standard Number | E2: Sub Category | F2: NCC | G2: Visible Part Size | I2: note 1 | P2: Material
B3: Y01 | C3: 1 | D3: 0.MF_PB108_8_7_230824 | E3: PB108 màu đen | F3: GTAM | G3: 34.0 X 20.0 X 126.0 | H3: =C3*$H$1 -> 6
B4: Y02 | C4: 26 | D4: 6.Con lăn ED-WS08,Polyurethane Rubber | E4: 0 | F4: Bỏ | G4: 14.0 X 14.0 X 16.0 | H4: =C4*$H$1 -> 156
B5: Y03 | C5: 1 | D5: 7.0.MF_PB108_8_7_230824_MIR1 | E5: =E3 -> PB108 màu đen | F5: =F3 -> GTAM | G5: 34.0 X 20.0 X 126.0 | H5: =C5*$H$1 -> 6
B6: Y04 | C6: 8 | D6: 6.Con lăn ED-WS08,Polyurethane Rubber_MIR1 | E6: 0 | F6: =F4 -> Bỏ | G6: 14.0 X 14.0 X 16.0 | H6: =C6*$H$1 -> 48
B7: Y05 | C7: 2 | D7: 6.0_6000ZZ_NSK | E7: Vòng bi 6000ZZ | F7: VB | G7: 8.0 X 26.0 X 26.0 | H7: =C7*$H$1 -> 12 | I7: ='Z0000002-238847 BOM trien khai'!I74 -> hàng đã về
B8: Y06 | C8: 4 | D8: 6.0_688AZZ_NSK | E8: vòng bi 688AZZ | F8: VB | G8: 5.0 X 16.0 X 16.0 | H8: =C8*$H$1 -> 24 | I8: =I7 -> hàng đã về
B9: Y07 | C9: 1 | D9: 6.0_C-HTBN222S3M-150 | E9: C-HTBN222S3M-150, đổi sang C-HTBN225S3M-150 | F9: MI | G9: 99.0 X 26.0 X 15.0 | H9: =C9*$H$1 -> 6 | I9: =G73 -> 31/3 và 3/4 nhận đủ hàng
B10: Y08 | C10: 2 | D10: 6.0_C-HTPA25S3M150-A-N8 | E10: C-HTPA25S3M150-A-N8 | F10: UP | G10: 21.0 X 28.0 X 28.0 | H10: =C10*$H$1 -> 12 | I10: ='Z0000002-238847 BOM trien khai'!G100 -> đã nhận hàng 30/3
B11: Y09 | C11: 2 | D11: 6.0_KES3-12 | E11: chốt cài KES3-12 | F11: Then cài | G11: 12.0 X 3.0 X 3.0 | H11: =C11*$H$1 -> 12 | I11: đã tồn kho sẵn
B12: Y10 | C12: 1 | D12: 6.0_S6I06G-GX | E12: động cơ S6I06GX-V12/ bộ điều khiển tốc độ đi kèm | F12: SPG | G12: 100.0 X 60.0 X 62.0 | H12: =C12*$H$1 -> 6
B13: Y11 | C13: 1 | D13: 6.0_S6KA15B_1 | E13: Hộp số S6KA15B | F13: =F12 -> SPG | G13: 60.0 X 60.0 X 63.0 | H13: =C13*$H$1 -> 6
B14: Y12 | C14: 2 | D14: 6.1.Mnf_AL6061_03 | E14: AL6061, anode màu đen | F14: GTAM | G14: 10.0 X 30.0 X 10.0 | H14: =C14*$H$1 -> 12
B15: Y13 | C15: 1 | D15: 6.1.Mnf_AL6061_05 | E15: AL6061, anode màu đen | F15: GTAM | G15: 90.0 X 75.0 X 10.0 | H15: =C15*$H$1 -> 6
B16: Y14 | C16: 4 | D16: 6.1_Mnf_AL6061_1 | E16: AL6061, anode màu đen | F16: =F21 -> GTAM | G16: 10.0 X 30.0 X 30.0 | H16: =C16*$H$1 -> 24
B17: Y15 | C17: 2 | D17: 6.3.Mnf_SUS304_03 | E17: SUS304 | F17: LINH | G17: 47.0 X 11.0 X 11.0 | H17: =C17*$H$1 -> 12 | I17: ='Z0000002-238846 BOM trien k hai'!G106 -> Ng đã đặt NCC mới cho đủ 84CV
B18: Y16 | C18: 2 | D18: 6.3.Mnf_SUS304_06 | E18: SUS304 điện hóa/ S45C mạ nikel- có lăn nhám | F18: PG | G18: 20.0 X 34.0 X 34.0 | H18: =C18*$H$1 -> 12 | I18: =I17 -> Ng đã đặt NCC mới cho đủ 84CV
B19: Y17 | C19: 2 | D19: 6.3.Mnf_SUS304_07 | E19: SUS304 điện hóa/ S45C mạ nikel | F19: =F18 -> PG | G19: 20.0 X 34.0 X 34.0 | H19: =C19*$H$1 -> 12 | I19: =I18 -> Ng đã đặt NCC mới cho đủ 84CV
B20: Y18 | C20: 1 | D20: 6.3.Mnf_SUS304_09 | E20: =E35 -> SUS304, điện hóa | F20: CG | G20: 90.0 X 109.0 X 28.0 | H20: =C20*$H$1 -> 6 | I20: =G71 -> đã chốt làm MAH toàn bộ, có hàng trc 4/4
B21: Y19 | C21: 1 | D21: 6.4.Mnf_Clear PC_01 | E21: Mica trong | F21: GTAM | G21: 5.0 X 106.0 X 85.0 | H21: =C21*$H$1 -> 6
B22: Y20 | C22: 2 | D22: 7.0.Belt_233 | E22: belt PU đen, chống tĩnh điện 10^5-10^9, dày 1.5mm, bản rộng 20mm, chu vi 620mm ( đo mép trong 623mm) | F22: Yongli | G22: 20.0 X 34.0 X 297.0 | H22: =C22*$H$1 -> 12 | I22: ='[1]Z0000002-238846 BOM trien k hai'!$I$29 -> đã chốt đặt hàng
B23: Y21 | C23: 2 | D23: 0.MF_AL_25_2_230824 | E23: =E16 -> AL6061, anode màu đen | F23: =F21 -> GTAM | G23: 12.0 X 65.0 X 40.0 | H23: =C23*$H$1 -> 12
B24: Y22 | C24: 1 | D24: 7.1.Mnf_AL6061_01 | E24: =E23 -> AL6061, anode màu đen | F24: =F23 -> GTAM | G24: 10.0 X 34.0 X 305.0 | H24: =C24*$H$1 -> 6
B25: Y23 | C25: 1 | D25: 7.1.Mnf_AL6061_01_180225_MIR | E25: =E24 -> AL6061, anode màu đen | F25: =F24 -> GTAM | G25: 10.0 X 34.0 X 305.0 | H25: =C25*$H$1 -> 6
B26: Y24 | C26: 2 | D26: 7.2.Mnf_PB108_01 | E26: PB108 màu đen | F26: GTAM | G26: 10.0 X 180.0 X 2.0 | H26: =C26*$H$1 -> 12
B27: Y25 | C27: 1 | D27: 7.2.Mnf_PB108_02 | E27: =E26 -> PB108 màu đen | F27: =F26 -> GTAM | G27: 87.0 X 8.0 X 186.0 | H27: =C27*$H$1 -> 6
B28: Y26 | C28: 1 | D28: 7.3.Mnf_SUS304_01 | E28: SUS304, điện hóa | F28: CG | G28: 86.0 X 3.0 X 185.0 | H28: =C28*$H$1 -> 6 | I28: =I20 -> đã chốt làm MAH toàn bộ, có hàng trc 4/4
B29: Y27 | C29: 1 | D29: 7.3.Mnf_SUS304_05 | E29: =E28 -> SUS304, điện hóa | F29: =F28 -> CG | G29: 26.0 X 26.0 X 72.0 | H29: =C29*$H$1 -> 6 | I29: =I28 -> đã chốt làm MAH toàn bộ, có hàng trc 4/4
B30: Y28 | C30: 1 | D30: 7.3.Mnf_SUS304_02 | E30: =E29 -> SUS304, điện hóa | F30: =F29 -> CG | G30: 26.0 X 26.0 X 102.0 | H30: =C30*$H$1 -> 6 | I30: =I29 -> đã chốt làm MAH toàn bộ, có hàng trc 4/4
B31: Y29 | C31: 2 | D31: 7.3.Mnf_SUS304_03 | E31: ct trục, SUS304 điện hóa/ S45C mạ nikel | F31: LINH | G31: 112.0 X 10.0 X 12.0 | H31: =C31*$H$1 -> 12 | I31: =I17 -> Ng đã đặt NCC mới cho đủ 84CV
B32: Y30 | C32: 1 | D32: 7.3.Mnf_SUS304_04 | E32: =E31 -> ct trục, SUS304 điện hóa/ S45C mạ nikel | F32: PG | G32: 152.0 X 13.0 X 13.0 | H32: =C32*$H$1 -> 6 | I32: =I31 -> Ng đã đặt NCC mới cho đủ 84CV
B33: Y31 | C33: 2 | D33: MF_AL_25_3_170225 | E33: =E25 -> AL6061, anode màu đen | F33: =F25 -> GTAM | G33: 25.0 X 62.0 X 40.0 | H33: =C33*$H$1 -> 12
B34: Y32 | C34: 1 | D34: 041024_PB108_01 | E34: =E26 -> PB108 màu đen | F34: =F33 -> GTAM | G34: 351.0 X 35.0 X 20.0 | H34: =C34*$H$1 -> 6
B35: Y33 | C35: 1 | D35: 6.1_Mnf_SUS304_1 | E35: =E28 -> SUS304, điện hóa | F35: =F28 -> CG | G35: 90.0 X 109.0 X 28.0 | H35: =C35*$H$1 -> 6 | I35: =I30 -> đã chốt làm MAH toàn bộ, có hàng trc 4/4
B36: Y34 | C36: 1 | D36: 6.2_Mnf_PC ESD trong_1 | E36: Mica trong | F36: =F34 -> GTAM | G36: 6.0 X 107.0 X 86.0 | H36: =C36*$H$1 -> 6
B37: Y35 | C37: 1 | D37: 6.3_Mnf_Al6061_1 | E37: =E15 -> AL6061, anode màu đen | F37: =F15 -> GTAM | G37: 90.0 X 75.0 X 10.0 | H37: =C37*$H$1 -> 6
B38: Y36 | C38: 1 | D38: 6.4_S6I06GX-V12_1 | E38: =E12 -> động cơ S6I06GX-V12/ bộ điều khiển tốc độ đi kèm | F38: =F12 -> SPG | G38: 100.0 X 60.0 X 62.0 | H38: =C38*$H$1 -> 6
B39: Y37 | C39: 1 | D39: 6.5_S6KA15B_1 | E39: =E13 -> Hộp số S6KA15B | F39: =F13 -> SPG | G39: 60.0 X 60.0 X 63.0 | H39: =C39*$H$1 -> 6
B40: Y38 | C40: 2 | D40: 6.6_HTPA25S3M150-A-N8_1 | E40: HTPA25S3M150-A-N8 | F40: =F10 -> UP | G40: 21.0 X 28.0 X 28.0 | H40: =C40*$H$1 -> 12 | I40: =I10 -> đã nhận hàng 30/3
B41: Y39 | C41: 2 | D41: 6.7_KES3-12_1 | E41: =E11 -> chốt cài KES3-12 | F41: =F11 -> Then cài | G41: 12.0 X 3.0 X 3.0 | H41: =C41*$H$1 -> 12 | I41: =I11 -> đã tồn kho sẵn
B42: Y40 | C42: 1 | D42: 6.8_HTBN222S3M-150_1 | E42: HTBN222S3M-150, đổi sang C-HTBN225S3M-150 | F42: =F9 -> MI | G42: 99.0 X 26.0 X 15.0 | H42: =C42*$H$1 -> 6 | I42: =I9 -> 31/3 và 3/4 nhận đủ hàng
B43: Y41 | C43: 4 | D43: JIS B 1111 - M4x50(1)_1 | F43: Bulong M4x50 | G43: 9.0 X 9.0 X 53.0 | H43: =C43*$H$1 -> 24 | I43: đã tồn kho sẵn
B44: Y42 | C44: 1 | D44: 6.041024_PB108_01_MIR3 | E44: =E34 -> PB108 màu đen | F44: =F34 -> GTAM | G44: 351.0 X 35.0 X 20.0 | H44: =C44*$H$1 -> 6
B45: Y43 | C45: 18 | D45: 6.Con lăn ED-WS08,Polyurethane Rubber_MIR3 | E45: 0 | F45: Bỏ | G45: 14.0 X 14.0 X 16.0 | H45: =C45*$H$1 -> 108
B46: Y44 | C46: 4 | D46: 0.688AZZ_NSK_230824 | E46: Vòng bi 688AZZ | F46: VB | G46: 5.0 X 16.0 X 16.0 | H46: =C46*$H$1 -> 24 | I46: =I8 -> hàng đã về
B47: Y45 | C47: 2 | D47: 0.Belt_CV455_230824 | E47: Belt PU đen, chống tĩnh điện 10^5-10^9, dày 1.5mm, bản rộng 22mm, chu vi 975mm ( đo mép trong 983mm) | F47: Yongli | G47: 22.0 X 34.0 X 477.0 | H47: =C47*$H$1 -> 12 | I47: =I22 -> đã chốt đặt hàng
B48: Y46 | C48: 1 | D48: 0.MF_AL_10_36_230824 | E48: AL6061, anode màu đen | F48: GTAM | G48: 10.0 X 34.0 X 485.0 | H48: =C48*$H$1 -> 6
B49: Y47 | C49: 1 | D49: 6.0.MF_AL_10_36_230824_MIR | E49: =E48 -> AL6061, anode màu đen | F49: =F48 -> GTAM | G49: 10.0 X 34.0 X 485.0 | H49: =C49*$H$1 -> 6
B50: Y48 | C50: 2 | D50: 0.MF_AL_10_47_230824 | E50: =E14 -> AL6061, anode màu đen | F50: =F14 -> GTAM | G50: 10.0 X 30.0 X 10.0 | H50: =C50*$H$1 -> 12
B51: Y49 | C51: 4 | D51: 0.MF_AL_25_32_230824 | E51: AL6061, anode màu đen | F51: =F48 -> GTAM | G51: 12.0 X 65.0 X 35.0 | H51: =C51*$H$1 -> 24
B52: Y50 | C52: 1 | D52: 0.MF_PB108_10_3_230824 | E52: =E44 -> PB108 màu đen | F52: =F44 -> GTAM | G52: 40.0 X 52.0 X 15.0 | H52: =C52*$H$1 -> 6
B53: Y51 | C53: 1 | D53: 6.0.MF_PB108_10_3_230824_MIR | E53: =E52 -> PB108 màu đen | F53: =F52 -> GTAM | G53: 40.0 X 52.0 X 15.0 | H53: =C53*$H$1 -> 6
B54: Y52 | C54: 2 | D54: 0.MF_PB108_3_1_230824 | E54: PB108 màu đen | F54: GTAM | G54: 10.0 X 135.0 X 2.0 | H54: =C54*$H$1 -> 12
B55: Y53 | C55: 2 | D55: 0.MF_PB108_8_32_230824 | E55: PB108 màu đen | F55: GTAM | G55: 22.0 X 8.0 X 391.0 | H55: =C55*$H$1 -> 12
B56: Y54 | C56: 2 | D56: 0.MF_SUS304_11_230824 | E56: SUS304, điện hóa | F56: CG | G56: 20.0 X 3.0 X 390.0 | H56: =C56*$H$1 -> 12 | I56: =I35 -> đã chốt làm MAH toàn bộ, có hàng trc 4/4
B57: Y55 | C57: 2 | D57: 0.MF_SUS304_28_230824 | E57: =E17 -> SUS304 | F57: =F17 -> LINH | G57: 47.0 X 11.0 X 11.0 | H57: =C57*$H$1 -> 12 | I57: =I31 -> Ng đã đặt NCC mới cho đủ 84CV
B58: Y56 | C58: 2 | D58: 0.MF_SUS304_3_230824 | E58: =E31 -> ct trục, SUS304 điện hóa/ S45C mạ nikel | F58: =F31 -> LINH | G58: 112.0 X 10.0 X 12.0 | H58: =C58*$H$1 -> 12 | I58: =I57 -> Ng đã đặt NCC mới cho đủ 84CV
B59: Y57 | C59: 2 | D59: 0.MF_SUS304_4_230824 | E59: =E18 -> SUS304 điện hóa/ S45C mạ nikel- có lăn nhám | F59: =F19 -> PG | G59: 20.0 X 34.0 X 34.0 | H59: =C59*$H$1 -> 12 | I59: =I58 -> Ng đã đặt NCC mới cho đủ 84CV
B60: Y58 | C60: 4 | D60: MF_AL_35_170225 | E60: AL6061, anode màu đen | F60: GTAM | G60: 25.0 X 62.0 X 35.0 | H60: =C60*$H$1 -> 24
B61: Y59 | C61: 2 | D61: 0.MF_SUS304_5_230824 | E61: =E19 -> SUS304 điện hóa/ S45C mạ nikel | F61: =F59 -> PG | G61: 20.0 X 34.0 X 34.0 | H61: =C61*$H$1 -> 12 | I61: =I59 -> Ng đã đặt NCC mới cho đủ 84CV
B62: Y60 | C62: 2 | D62: 0.6000ZZ_NSK_230824 | E62: =E7 -> Vòng bi 6000ZZ | F62: =F7 -> VB | G62: 8.0 X 26.0 X 26.0 | H62: =C62*$H$1 -> 12 | I62: =I46 -> hàng đã về
B63: Y61 | C63: 1 | D63: 0.MF_SUS304_10_230824 | E63: SUS304, điện hóa | F63: CG | G63: 71.0 X 34.0 X 26.0 | H63: =C63*$H$1 -> 6 | I63: =I56 -> đã chốt làm MAH toàn bộ, có hàng trc 4/4
B64: Y62 | C64: 1 | D64: 0.MF_SUS304_30_230824 | E64: SUS304, điện hóa | F64: CG | G64: 25.0 X 21.0 X 97.0 | H64: =C64*$H$1 -> 6 | I64: =I63 -> đã chốt làm MAH toàn bộ, có hàng trc 4/4
B65: Y63 | C65: 1 | D65: 0.MF_SUS304_6_230824 | E65: =E32 -> ct trục, SUS304 điện hóa/ S45C mạ nikel | F65: =F32 -> PG | G65: 152.0 X 13.0 X 13.0 | H65: =C65*$H$1 -> 6 | I65: =I61 -> Ng đã đặt NCC mới cho đủ 84CV
I66: \
F70: GTAM | G70: ='Z0000002-238847 BOM trien khai'!G93 -> đã đặt phôi, có thể làm xong trc 5/4 | I70: GTAM
F71: CG | G71: ='Z0000002-238847 BOM trien khai'!G94 -> đã chốt làm MAH toàn bộ, có hàng trc 4/4 | I71: CG
F72: HC | I72: PT- Phanh trục
F73: MI | G73: ='Z0000002-238846 BOM trien k hai'!G105 -> 31/3 và 3/4 nhận đủ hàng | I73: MI
F74: LINH | G74: =I57 -> Ng đã đặt NCC mới cho đủ 84CV | I74: PG
F75: =F41 -> Then cài | G75: =I11 -> đã tồn kho sẵn | I75: Then cài
F76: PG | G76: =I61 -> Ng đã đặt NCC mới cho đủ 84CV | I76: SPG
F77: =F43 -> Bulong M4x50 | G77: =I43 -> đã tồn kho sẵn | I77: UP
F78: SPG | G78: ='[2]Z0000002-238847 BOM trien khai'!$G$99 -> đã báo đặt hàng | I78: VB
F79: UP | G79: =I40 -> đã nhận hàng 30/3 | I79: Yongli
F80: VB | G80: =I46 -> hàng đã về
F81: Yongli | G81: =I47 -> đã chốt đặt hàng

Sheet Z0000002-238851 BOM triển kh ai
A1: Z0000002-238851_13.Cụm tách tray_TOP_ LR_ 02pcs - BOM | G1: SL | H1: 6 | I1: [2pcs/set* 6=12 pcs]
A2: Image | B2: ID Number | C2: Quantity | D2: Standard Number | E2: Sub Category | F2: NCC | G2: Visible Part Size | H2: SL | I2: Note 1 | O2: Material
B3: Z01 | C3: 2 | D3: 13.B6000ZZ#2 | E3: Vòng bi B6000ZZ | F3: VB | G3: 8.0 X 26.0 X 26.0 | H3: =$H$1*C3 -> 12 | I3: đã đặt CN
B4: Z02 | C4: 2 | D4: 13..Belt PU đen, chống tĩnh điện#2 | E4: Belt PU đen, chống tĩnh điện, dày 1.5mm, bản rộng 20mm, chu vi 670mm ( đo mép trong chu vi 677mm, căn chỉnh đã ở giữa ) | F4: Yongli | G4: 20.0 X 34.0 X 324.0 | H4: =$H$1*C4 -> 12 | I4: ='[1]Z0000002-238846 BOM trien k hai'!$I$29 -> đã chốt đặt hàng
B5: Z03 | C5: 2 | D5: KES3-12#2 | E5: chốt cài KES3-12 | F5: then cài | G5: 12.0 X 3.0 X 3.0 | H5: =$H$1*C5 -> 12 | I5: đã tồn kho sẵn
B6: Z04 | C6: 1 | D6: 13.10_MF_AL6061_1_Mirror | E6: =E30 -> AL6061, anode màu đen | F6: =F30 -> GTAM | G6: 64.0 X 75.0 X 15.0 | H6: =$H$1*C6 -> 6
B7: Z05 | C7: 2 | D7: 13.11_MF_AL6061_1#2 | E7: =E30 -> AL6061, anode màu đen | F7: =F30 -> GTAM | G7: 6.0 X 72.0 X 42.0 | H7: =$H$1*C7 -> 12
B8: Z06 | C8: 4 | D8: 13.12_MF_AL6061_1#2 | E8: =E30 -> AL6061, anode màu đen | F8: =F30 -> GTAM | G8: 12.0 X 15.0 X 34.0 | H8: =$H$1*C8 -> 24
B9: Z07 | C9: 4 | D9: 13.13_MF_AL6061_1#2 | E9: =E30 -> AL6061, anode màu đen | F9: =F30 -> GTAM | G9: 12.0 X 32.0 X 45.0 | H9: =$H$1*C9 -> 24
B10: Z08 | C10: 1 | D10: 13.14_MF_AL6061_1_Mirror | E10: =E30 -> AL6061, anode màu đen | F10: =F30 -> GTAM | G10: 90.0 X 71.0 X 10.0 | H10: =$H$1*C10 -> 6
B11: Z09 | C11: 2 | D11: 13.16_MF_AL6061_1_Mirror | E11: =E30 -> AL6061, anode màu đen | F11: =F30 -> GTAM | G11: 240.0 X 26.0 X 10.0 | H11: =$H$1*C11 -> 12
B12: Z10 | C12: 2 | D12: 13.17_MF_SUS304_1#2 | E12: ct trục, SUS304 điện hóa/ S45C mạ nikel, có lăn nhám | F12: PG | G12: 20.0 X 34.0 X 34.0 | H12: =$H$1*C12 -> 12
B13: Z11 | C13: 2 | D13: 13.18_MF_SUS304_1_Mirror | E13: ct trục, SUS304 điện hóa/ S45C mạ nikel, không lăn nhám | F13: =F12 -> PG | G13: 20.0 X 34.0 X 34.0 | H13: =$H$1*C13 -> 12
B14: Z12 | C14: 1 | D14: 13.19_MF_SUS304_1#2 | E14: ct trục, SUS304 điện hóa/ S45C mạ nikel | F14: PG | G14: 12.0 X 206.0 X 12.0 | H14: =$H$1*C14 -> 6
B15: Z13 | C15: 1 | D15: 13.1_MF_AL6061_1_Mirror | E15: =E30 -> AL6061, anode màu đen | F15: =F30 -> GTAM | G15: 330.0 X 300.0 X 10.0 | H15: =$H$1*C15 -> 6
B16: Z14 | C16: 2 | D16: 13.20_MF_SUS304_1#2 | E16: ct phay, SUS304 điện hóa hoặc S45C mạ nikel | F16: Vitech | G16: 24.0 X 20.0 X 17.0 | H16: =$H$1*C16 -> 12 | I16: đang yc gửi báo giá
B17: Z15 | C17: 1 | D17: 13.21_MF_SUS304_1_Mirror | E17: SUS304 điện hóa | F17: CG | G17: 20.0 X 29.0 X 65.0 | H17: =$H$1*C17 -> 6
B18: Z16 | C18: 1 | D18: 13.22_MF_SUS304_1_Mirror | E18: SUS304 điện hóa | F18: CG | G18: 300.0 X 43.0 X 10.0 | H18: =$H$1*C18 -> 6
B19: Z17 | C19: 1 | D19: 13.23_MF_SUS304_1_Mirror | E19: SUS304 điện hóa | F19: CG | G19: 49.0 X 79.0 X 30.0 | H19: =$H$1*C19 -> 6
B20: Z18 | C20: 1 | D20: 13.24_MF_SUS304_1#2 | E20: SUS304 điện hóa | F20: CG | G20: 13.0 X 92.0 X 17.0 | H20: =$H$1*C20 -> 6
B21: Z19 | C21: 2 | D21: 13.25_MF_SUS304_1#2 | E21: SUS304 điện hóa | F21: CG | G21: 250.0 X 23.0 X 20.0 | H21: =$H$1*C21 -> 12
B22: Z20 | C22: 1 | D22: 13.26_MF_SUS304_1_Mirror | E22: SUS304 điện hóa | F22: CG | G22: 63.0 X 28.0 X 170.0 | H22: =$H$1*C22 -> 6
B23: Z21 | C23: 2 | D23: 13.27_MF_SUS304_1_Mirror | E23: SUS304 điện hóa | F23: LINH | G23: 39.0 X 10.0 X 10.0 | H23: =$H$1*C23 -> 12 | I23: ='Z0000002-238848 BOM trien k hai'!I17 -> Ng đã đặt NCC mới cho đủ 84CV
B24: Z22 | C24: 1 | D24: 13.2_MF_AL6061_1_Mirror | E24: =E30 -> AL6061, anode màu đen | F24: =F30 -> GTAM | G24: 330.0 X 100.0 X 10.0 | H24: =$H$1*C24 -> 6
B25: Z23 | C25: 1 | D25: 13.3_MF_AL6061_1_Mirror | E25: =E30 -> AL6061, anode màu đen | F25: =F30 -> GTAM | G25: 330.0 X 10.0 X 100.0 | H25: =$H$1*C25 -> 6
B26: Z24 | C26: 1 | D26: 13.4_MF_AL6061_1#2 | E26: =E30 -> AL6061, anode màu đen | F26: =F30 -> GTAM | G26: 472.0 X 43.0 X 8.0 | H26: =$H$1*C26 -> 6
B27: Z25 | C27: 2 | D27: 13.5_MF_AL6061_1#2 | E27: =E30 -> AL6061, anode màu đen | F27: =F30 -> GTAM | G27: 33.0 X 32.0 X 10.0 | H27: =$H$1*C27 -> 12
B28: Z26 | C28: 4 | D28: 13.688AZZ_NSK_Mirror | E28: Vòng bi 688AZZ, NSK | F28: VB | G28: 5.0 X 16.0 X 16.0 | H28: =$H$1*C28 -> 24
B29: Z27 | C29: 2 | D29: 13.6_MF_AL6061_1#2 | E29: AL6061, anode màu đen | F29: =F30 -> GTAM | G29: 10.0 X 30.0 X 29.0 | H29: =$H$1*C29 -> 12
B30: Z28 | C30: 2 | D30: 13.7_MF_AL6061_1#2 | E30: AL6061, anode màu đen | F30: GTAM | G30: 10.0 X 30.0 X 10.0 | H30: =$H$1*C30 -> 12
B31: Z29 | C31: 1 | D31: 13.8_MF_AL6061_1#2 | E31: =E30 -> AL6061, anode màu đen | F31: =F30 -> GTAM | G31: 20.0 X 41.0 X 42.0 | H31: =$H$1*C31 -> 6
B32: Z30 | C32: 2 | D32: 13.9_MF_AL6061_1_Mirror | E32: =E30 -> AL6061, anode màu đen | F32: =F30 -> GTAM | G32: 225.0 X 33.0 X 10.0 | H32: =$H$1*C32 -> 12
B33: Z31 | C33: 1 | D33: 13.SPG S6I06GX-V12_Mirror | E33: động cơ SPG S6I06GX-V12/ bộ điều khiển tốc độ đi kèm | F33: SPG | G33: 88.0 X 60.0 X 62.0 | H33: =$H$1*C33 -> 6
B34: Z32 | C34: 1 | D34: 13.SPG S6KA30B_Mirror | E34: Hộp số SPG S6KA30B | F34: SPG | G34: 73.0 X 60.0 X 60.0 | H34: =$H$1*C34 -> 6
B35: Z33 | C35: 1 | D35: HTBN339S3M-150#2 | E35: HTBN339S3M-150 --> đổi sang C-HTBN225S3M-150 | F35: MI | G35: 157.0 X 25.0 X 15.0 | H35: =$H$1*C35 -> 6 | I35: đã báo a VA đặt hàng
B36: Z34 | C36: 2 | D36: HTPA25S3M150-A-N8_Mirror | E36: HTPA25S3M150-A-N8 | F36: UP | G36: 21.0 X 28.0 X 28.0 | H36: =$H$1*C36 -> 12 | I36: ='[1]Z0000002-238846 BOM trien k hai'!$I$79 -> đã đặt hàng, dự kiến 26/3 gửi hàng
B37: Z35 | C37: 1 | D37: MF_MICA_2_Mirror | E37: Mica trong | F37: =F30 -> GTAM | G37: 51.0 X 3.0 X 166.0 | H37: =$H$1*C37 -> 6
B38: Z36 | C38: 4 | D38: HI_SETGS12-89-SC65-M6-N6#2 | E38: chân đỡ thân máy SETGS12-89-SC65-M6-N6 | F38: LINH | G38: 98.0 X 12.0 X 12.0 | H38: =$H$1*C38 -> 24 | I38: =I23 -> Ng đã đặt NCC mới cho đủ 84CV
B39: Z37 | C39: 1 | D39: 13.10_MF_AL6061_1_MIR_Mirror | E39: =E6 -> AL6061, anode màu đen | F39: =F6 -> GTAM | G39: 64.0 X 75.0 X 15.0 | H39: =$H$1*C39 -> 6
B40: Z38 | C40: 2 | D40: 13.B6000ZZ#1 | E40: =E3 -> Vòng bi B6000ZZ | F40: =F3 -> VB | G40: 8.0 X 26.0 X 26.0 | H40: =$H$1*C40 -> 12 | I40: =I3 -> đã đặt CN
B41: Z39 | C41: 2 | D41: 13..Belt PU đen, chống tĩnh điện#1 | E41: =E4 -> Belt PU đen, chống tĩnh điện, dày 1.5mm, bản rộng 20mm, chu vi 670mm ( đo mép trong chu vi 677mm, căn chỉnh đã ở giữa ) | F41: =F4 -> Yongli | G41: 20.0 X 34.0 X 324.0 | H41: =$H$1*C41 -> 12 | I41: =I4 -> đã chốt đặt hàng
B42: Z40 | C42: 2 | D42: KES3-12#1 | E42: =E5 -> chốt cài KES3-12 | F42: =F5 -> then cài | G42: 12.0 X 3.0 X 3.0 | H42: =$H$1*C42 -> 12 | I42: =I5 -> đã tồn kho sẵn
B43: Z41 | C43: 1 | D43: 13.10_MF_AL6061_1#1 | E43: =E39 -> AL6061, anode màu đen | F43: =F39 -> GTAM | G43: 64.0 X 75.0 X 15.0 | H43: =$H$1*C43 -> 6
B44: Z42 | C44: 2 | D44: 13.11_MF_AL6061_1#1 | E44: =E7 -> AL6061, anode màu đen | F44: =F7 -> GTAM | G44: 6.0 X 72.0 X 42.0 | H44: =$H$1*C44 -> 12
B45: Z43 | C45: 4 | D45: 13.12_MF_AL6061_1#1 | E45: =E8 -> AL6061, anode màu đen | F45: =F8 -> GTAM | G45: 12.0 X 15.0 X 34.0 | H45: =$H$1*C45 -> 24
B46: Z44 | C46: 4 | D46: 13.13_MF_AL6061_1#1 | E46: =E9 -> AL6061, anode màu đen | F46: =F9 -> GTAM | G46: 12.0 X 32.0 X 45.0 | H46: =$H$1*C46 -> 24
B47: Z45 | C47: 1 | D47: 13.14_MF_AL6061_1#1 | E47: =E10 -> AL6061, anode màu đen | F47: =F10 -> GTAM | G47: 90.0 X 71.0 X 10.0 | H47: =$H$1*C47 -> 6
B48: Z46 | C48: 2 | D48: 13.16_MF_AL6061_1#1 | E48: =E11 -> AL6061, anode màu đen | F48: =F11 -> GTAM | G48: 240.0 X 26.0 X 10.0 | H48: =$H$1*C48 -> 12
B49: Z47 | C49: 2 | D49: 13.17_MF_SUS304_1#1 | E49: =E12 -> ct trục, SUS304 điện hóa/ S45C mạ nikel, có lăn nhám | F49: =F13 -> PG | G49: 20.0 X 34.0 X 34.0 | H49: =$H$1*C49 -> 12
B50: Z48 | C50: 2 | D50: 13.18_MF_SUS304_1#1 | E50: =E13 -> ct trục, SUS304 điện hóa/ S45C mạ nikel, không lăn nhám | F50: =F49 -> PG | G50: 20.0 X 34.0 X 34.0 | H50: =$H$1*C50 -> 12
B51: Z49 | C51: 1 | D51: 13.19_MF_SUS304_1#1 | E51: =E14 -> ct trục, SUS304 điện hóa/ S45C mạ nikel | F51: =F14 -> PG | G51: 12.0 X 206.0 X 12.0 | H51: =$H$1*C51 -> 6
B52: Z50 | C52: 1 | D52: 13.1_MF_AL6061_1#1 | E52: =E15 -> AL6061, anode màu đen | F52: =F15 -> GTAM | G52: 330.0 X 300.0 X 10.0 | H52: =$H$1*C52 -> 6
B53: Z51 | C53: 2 | D53: 13.20_MF_SUS304_1#1 | E53: =E16 -> ct phay, SUS304 điện hóa hoặc S45C mạ nikel | F53: =F16 -> Vitech | G53: 24.0 X 20.0 X 17.0 | H53: =$H$1*C53 -> 12 | I53: =I16 -> đang yc gửi báo giá
B54: Z52 | C54: 1 | D54: 13.21_MF_SUS304_1#1 | E54: =E17 -> SUS304 điện hóa | F54: =F17 -> CG | G54: 20.0 X 29.0 X 65.0 | H54: =$H$1*C54 -> 6
B55: Z53 | C55: 1 | D55: 13.22_MF_SUS304_1#1 | E55: =E18 -> SUS304 điện hóa | F55: =F18 -> CG | G55: 300.0 X 43.0 X 10.0 | H55: =$H$1*C55 -> 6
B56: Z54 | C56: 1 | D56: 13.23_MF_SUS304_1#1 | E56: =E19 -> SUS304 điện hóa | F56: =F19 -> CG | G56: 49.0 X 79.0 X 30.0 | H56: =$H$1*C56 -> 6
B57: Z55 | C57: 1 | D57: 13.24_MF_SUS304_1#1 | E57: =E20 -> SUS304 điện hóa | F57: =F20 -> CG | G57: 13.0 X 92.0 X 17.0 | H57: =$H$1*C57 -> 6
B58: Z56 | C58: 2 | D58: 13.25_MF_SUS304_1#1 | E58: =E21 -> SUS304 điện hóa | F58: =F21 -> CG | G58: 250.0 X 23.0 X 20.0 | H58: =$H$1*C58 -> 12
B59: Z57 | C59: 1 | D59: 13.26_MF_SUS304_1#1 | E59: =E22 -> SUS304 điện hóa | F59: =F22 -> CG | G59: 63.0 X 28.0 X 170.0 | H59: =$H$1*C59 -> 6
B60: Z58 | C60: 2 | D60: 13.27_MF_SUS304_1#1 | E60: =E23 -> SUS304 điện hóa | F60: =F23 -> LINH | G60: 39.0 X 10.0 X 10.0 | H60: =$H$1*C60 -> 12 | I60: =I38 -> Ng đã đặt NCC mới cho đủ 84CV
B61: Z59 | C61: 1 | D61: 13.2_MF_AL6061_1#1 | E61: =E24 -> AL6061, anode màu đen | F61: =F24 -> GTAM | G61: 330.0 X 100.0 X 10.0 | H61: =$H$1*C61 -> 6
B62: Z60 | C62: 1 | D62: 13.3_MF_AL6061_1#1 | E62: =E25 -> AL6061, anode màu đen | F62: =F25 -> GTAM | G62: 330.0 X 10.0 X 100.0 | H62: =$H$1*C62 -> 6
B63: Z61 | C63: 1 | D63: 13.4_MF_AL6061_1#1 | E63: =E26 -> AL6061, anode màu đen | F63: =F26 -> GTAM | G63: 472.0 X 43.0 X 8.0 | H63: =$H$1*C63 -> 6
B64: Z62 | C64: 2 | D64: 13.5_MF_AL6061_1#1 | E64: =E30 -> AL6061, anode màu đen | F64: =F27 -> GTAM | G64: 33.0 X 32.0 X 10.0 | H64: =$H$1*C64 -> 12
B65: Z63 | C65: 4 | D65: 13.688AZZ_NSK#1 | E65: =E28 -> Vòng bi 688AZZ, NSK | F65: =F28 -> VB | G65: 5.0 X 16.0 X 16.0 | H65: =$H$1*C65 -> 24
B66: Z64 | C66: 2 | D66: 13.6_MF_AL6061_1#1 | E66: =E29 -> AL6061, anode màu đen | F66: =F29 -> GTAM | G66: 10.0 X 30.0 X 29.0 | H66: =$H$1*C66 -> 12
B67: Z65 | C67: 2 | D67: 13.7_MF_AL6061_1#1 | E67: =E30 -> AL6061, anode màu đen | F67: =F30 -> GTAM | G67: 10.0 X 30.0 X 10.0 | H67: =$H$1*C67 -> 12
B68: Z66 | C68: 1 | D68: 13.8_MF_AL6061_1#1 | E68: =E31 -> AL6061, anode màu đen | F68: =F31 -> GTAM | G68: 20.0 X 41.0 X 42.0 | H68: =$H$1*C68 -> 6
B69: Z67 | C69: 2 | D69: 13.9_MF_AL6061_1#1 | E69: =E32 -> AL6061, anode màu đen | F69: =F32 -> GTAM | G69: 225.0 X 33.0 X 10.0 | H69: =$H$1*C69 -> 12
B70: Z68 | C70: 1 | D70: 13.SPG S6I06GX-V12#1 | E70: =E33 -> động cơ SPG S6I06GX-V12/ bộ điều khiển tốc độ đi kèm | F70: =F33 -> SPG | G70: 88.0 X 60.0 X 62.0 | H70: =$H$1*C70 -> 6
B71: Z69 | C71: 1 | D71: 13.SPG S6KA30B#1 | E71: =E34 -> Hộp số SPG S6KA30B | F71: =F34 -> SPG | G71: 73.0 X 60.0 X 60.0 | H71: =$H$1*C71 -> 6
B72: Z70 | C72: 1 | D72: HTBN339S3M-150#1 | E72: HTBN339S3M-150 --> đổi sang C-HTBN225S3M-150 | F72: =F35 -> MI | G72: 157.0 X 25.0 X 15.0 | H72: =$H$1*C72 -> 6 | I72: =I35 -> đã báo a VA đặt hàng
B73: Z71 | C73: 2 | D73: HTPA25S3M150-A-N8#1 | E73: HTPA25S3M150-A-N8 | F73: =F36 -> UP | G73: 21.0 X 28.0 X 28.0 | H73: =$H$1*C73 -> 12 | I73: =I36 -> đã đặt hàng, dự kiến 26/3 gửi hàng
B74: Z72 | C74: 1 | D74: MF_MICA_2#1 | E74: =E37 -> Mica trong | F74: =F37 -> GTAM | G74: 51.0 X 3.0 X 166.0 | H74: =$H$1*C74 -> 6
B75: Z73 | C75: 4 | D75: HI_SETGS12-89-SC65-M6-N6#1 | E75: =E38 -> chân đỡ thân máy SETGS12-89-SC65-M6-N6 | F75: =F38 -> LINH | G75: 98.0 X 12.0 X 12.0 | H75: =$H$1*C75 -> 24 | I75: =I60 -> Ng đã đặt NCC mới cho đủ 84CV
B76: Z74 | C76: 1 | D76: 13.10_MF_AL6061_1_MIR#1 | E76: =E43 -> AL6061, anode màu đen | F76: =F43 -> GTAM | G76: 64.0 X 75.0 X 15.0 | H76: =$H$1*C76 -> 6
F79: GTAM | G79: ='Z0000002-238848 BOM trien k hai'!G70 -> đã đặt phôi, có thể làm xong trc 5/4
F80: CG | G80: ='Z0000002-238848 BOM trien k hai'!G71 -> đã chốt làm MAH toàn bộ, có hàng trc 4/4
F81: LINH | G81: =I75 -> Ng đã đặt NCC mới cho đủ 84CV
F82: =F72 -> MI | G82: =I72 -> đã báo a VA đặt hàng
F83: PG | G83: =G81 -> Ng đã đặt NCC mới cho đủ 84CV
F84: =F5 -> then cài | G84: =I5 -> đã tồn kho sẵn
F85: SPG | G85: ='[1]Z0000002-238846 BOM trien k hai'!$G$108 -> đã báo đặt hàng
F86: UP | G86: =I73 -> đã đặt hàng, dự kiến 26/3 gửi hàng
F87: Vitech | G87: =I53 -> đang yc gửi báo giá
F88: =F40 -> VB | G88: =I40 -> đã đặt CN
F89: Yongli | G89: =I41 -> đã chốt đặt hàng
